[02-Dec-2024 12:11:43 UTC] PHP Fatal error:  Uncaught Error: Call to undefined function set_block_class() in /var/www/html/wp-content/themes/lilli-by-akira-back/blocks/accordion/accordion.php:38
Stack trace:
#0 /var/www/html/wp-content/plugins/advanced-custom-fields-pro/pro/blocks.php(708): accordion_render_callback(Array, '', true, 2127, Object(WP_Block), Array)
#1 /var/www/html/wp-content/plugins/advanced-custom-fields-pro/pro/blocks.php(610): acf_render_block(Array, '', true, 2127, Object(WP_Block), Array)
#2 /var/www/html/wp-content/plugins/advanced-custom-fields-pro/pro/blocks.php(533): acf_rendered_block(Array, '', true, 2127, Object(WP_Block))
#3 /var/www/html/wp-includes/class-wp-block.php(519): acf_render_block_callback(Array, '', Object(WP_Block))
#4 /var/www/html/wp-includes/blocks.php(2061): WP_Block->render()
#5 /var/www/html/wp-includes/blocks.php(2113): render_block(Array)
#6 /var/www/html/wp-includes/class-wp-hook.php(324): do_blocks('<!-- wp:acf/acc...')
#7 /var/www/html/wp-includes/plugin.php(205): WP_Hook->apply_filters('<!-- wp:acf/acc...', Array)
#8 /var/www/html/wp-includes/rest-api/endpoints/class-wp-rest-posts-controller.php(1871): apply_filters('the_content', '<!-- wp:acf/acc...')
#9 /var/www/html/wp-includes/rest-api/endpoints/class-wp-rest-posts-controller.php(575): WP_REST_Posts_Controller->prepare_item_for_response(Object(WP_Post), Object(WP_REST_Request))
#10 /var/www/html/wp-includes/rest-api/class-wp-rest-server.php(1230): WP_REST_Posts_Controller->get_item(Object(WP_REST_Request))
#11 /var/www/html/wp-includes/rest-api/class-wp-rest-server.php(1063): WP_REST_Server->respond_to_request(Object(WP_REST_Request), '/wp/v2/pages/(?...', Array, NULL)
#12 /var/www/html/wp-includes/rest-api.php(547): WP_REST_Server->dispatch(Object(WP_REST_Request))
#13 /var/www/html/wp-includes/rest-api.php(2925): rest_do_request(Object(WP_REST_Request))
#14 [internal function]: rest_preload_api_request(Array, '/wp/v2/pages/21...')
#15 /var/www/html/wp-includes/block-editor.php(753): array_reduce(Array, 'rest_preload_ap...', Array)
#16 /var/www/html/wp-admin/edit-form-blocks.php(80): block_editor_rest_api_preload(Array, Object(WP_Block_Editor_Context))
#17 /var/www/html/wp-admin/post.php(187): require('/var/www/html/w...')
#18 {main}
  thrown in /var/www/html/wp-content/themes/lilli-by-akira-back/blocks/accordion/accordion.php on line 38
[02-Dec-2024 12:12:17 UTC] PHP Warning:  include(blocks/_block_components/component_block_class.php): Failed to open stream: No such file or directory in /var/www/html/wp-content/themes/lilli-by-akira-back/blocks/accordion/accordion.php on line 38
[02-Dec-2024 12:12:17 UTC] PHP Warning:  include(): Failed opening 'blocks/_block_components/component_block_class.php' for inclusion (include_path='.:/usr/local/lib/php') in /var/www/html/wp-content/themes/lilli-by-akira-back/blocks/accordion/accordion.php on line 38
[02-Dec-2024 12:12:17 UTC] PHP Warning:  include(blocks/_block_components/component_block_styled.php): Failed to open stream: No such file or directory in /var/www/html/wp-content/themes/lilli-by-akira-back/blocks/accordion/accordion.php on line 46
[02-Dec-2024 12:12:17 UTC] PHP Warning:  include(): Failed opening 'blocks/_block_components/component_block_styled.php' for inclusion (include_path='.:/usr/local/lib/php') in /var/www/html/wp-content/themes/lilli-by-akira-back/blocks/accordion/accordion.php on line 46
[02-Dec-2024 12:12:17 UTC] PHP Warning:  include(blocks/_block_components/component_block_class.php): Failed to open stream: No such file or directory in /var/www/html/wp-content/themes/lilli-by-akira-back/blocks/accordion/accordion.php on line 38
[02-Dec-2024 12:12:17 UTC] PHP Warning:  include(): Failed opening 'blocks/_block_components/component_block_class.php' for inclusion (include_path='.:/usr/local/lib/php') in /var/www/html/wp-content/themes/lilli-by-akira-back/blocks/accordion/accordion.php on line 38
[02-Dec-2024 12:12:17 UTC] PHP Warning:  include(blocks/_block_components/component_block_styled.php): Failed to open stream: No such file or directory in /var/www/html/wp-content/themes/lilli-by-akira-back/blocks/accordion/accordion.php on line 46
[02-Dec-2024 12:12:17 UTC] PHP Warning:  include(): Failed opening 'blocks/_block_components/component_block_styled.php' for inclusion (include_path='.:/usr/local/lib/php') in /var/www/html/wp-content/themes/lilli-by-akira-back/blocks/accordion/accordion.php on line 46
[02-Dec-2024 12:12:26 UTC] PHP Warning:  include(blocks/_block_components/component_block_class.php): Failed to open stream: No such file or directory in /var/www/html/wp-content/themes/lilli-by-akira-back/blocks/accordion/accordion.php on line 38
[02-Dec-2024 12:12:26 UTC] PHP Warning:  include(): Failed opening 'blocks/_block_components/component_block_class.php' for inclusion (include_path='.:/usr/local/lib/php') in /var/www/html/wp-content/themes/lilli-by-akira-back/blocks/accordion/accordion.php on line 38
[02-Dec-2024 12:12:26 UTC] PHP Warning:  include(blocks/_block_components/component_block_styled.php): Failed to open stream: No such file or directory in /var/www/html/wp-content/themes/lilli-by-akira-back/blocks/accordion/accordion.php on line 46
[02-Dec-2024 12:12:26 UTC] PHP Warning:  include(): Failed opening 'blocks/_block_components/component_block_styled.php' for inclusion (include_path='.:/usr/local/lib/php') in /var/www/html/wp-content/themes/lilli-by-akira-back/blocks/accordion/accordion.php on line 46
[02-Dec-2024 12:12:28 UTC] PHP Warning:  include(blocks/_block_components/component_block_class.php): Failed to open stream: No such file or directory in /var/www/html/wp-content/themes/lilli-by-akira-back/blocks/accordion/accordion.php on line 38
[02-Dec-2024 12:12:28 UTC] PHP Warning:  include(): Failed opening 'blocks/_block_components/component_block_class.php' for inclusion (include_path='.:/usr/local/lib/php') in /var/www/html/wp-content/themes/lilli-by-akira-back/blocks/accordion/accordion.php on line 38
[02-Dec-2024 12:12:28 UTC] PHP Warning:  include(blocks/_block_components/component_block_styled.php): Failed to open stream: No such file or directory in /var/www/html/wp-content/themes/lilli-by-akira-back/blocks/accordion/accordion.php on line 46
[02-Dec-2024 12:12:28 UTC] PHP Warning:  include(): Failed opening 'blocks/_block_components/component_block_styled.php' for inclusion (include_path='.:/usr/local/lib/php') in /var/www/html/wp-content/themes/lilli-by-akira-back/blocks/accordion/accordion.php on line 46
[02-Dec-2024 12:12:33 UTC] PHP Warning:  Undefined array key "theme" in /var/www/html/wp-content/themes/lilli-by-akira-back/page.php on line 7
[02-Dec-2024 12:12:33 UTC] PHP Warning:  Trying to access array offset on value of type null in /var/www/html/wp-content/themes/lilli-by-akira-back/page.php on line 7
[02-Dec-2024 12:12:33 UTC] PHP Warning:  Undefined array key "theme" in /var/www/html/wp-content/themes/lilli-by-akira-back/page.php on line 8
[02-Dec-2024 12:12:33 UTC] PHP Warning:  Trying to access array offset on value of type null in /var/www/html/wp-content/themes/lilli-by-akira-back/page.php on line 8
[02-Dec-2024 12:12:33 UTC] PHP Warning:  Undefined array key "theme" in /var/www/html/wp-content/themes/lilli-by-akira-back/page.php on line 9
[02-Dec-2024 12:12:33 UTC] PHP Warning:  Trying to access array offset on value of type null in /var/www/html/wp-content/themes/lilli-by-akira-back/page.php on line 9
[02-Dec-2024 12:12:33 UTC] PHP Warning:  Undefined array key "theme" in /var/www/html/wp-content/themes/lilli-by-akira-back/page.php on line 10
[02-Dec-2024 12:12:33 UTC] PHP Warning:  Trying to access array offset on value of type null in /var/www/html/wp-content/themes/lilli-by-akira-back/page.php on line 10
[02-Dec-2024 12:12:33 UTC] PHP Warning:  include(blocks/_block_components/component_block_class.php): Failed to open stream: No such file or directory in /var/www/html/wp-content/themes/lilli-by-akira-back/blocks/accordion/accordion.php on line 38
[02-Dec-2024 12:12:33 UTC] PHP Warning:  include(): Failed opening 'blocks/_block_components/component_block_class.php' for inclusion (include_path='.:/usr/local/lib/php') in /var/www/html/wp-content/themes/lilli-by-akira-back/blocks/accordion/accordion.php on line 38
[02-Dec-2024 12:12:33 UTC] PHP Warning:  include(blocks/_block_components/component_block_styled.php): Failed to open stream: No such file or directory in /var/www/html/wp-content/themes/lilli-by-akira-back/blocks/accordion/accordion.php on line 46
[02-Dec-2024 12:12:33 UTC] PHP Warning:  include(): Failed opening 'blocks/_block_components/component_block_styled.php' for inclusion (include_path='.:/usr/local/lib/php') in /var/www/html/wp-content/themes/lilli-by-akira-back/blocks/accordion/accordion.php on line 46
[02-Dec-2024 12:13:19 UTC] PHP Warning:  include(blocks/_block_components/component_block_class.php): Failed to open stream: No such file or directory in /var/www/html/wp-content/themes/lilli-by-akira-back/blocks/accordion/accordion.php on line 38
[02-Dec-2024 12:13:19 UTC] PHP Warning:  include(): Failed opening 'blocks/_block_components/component_block_class.php' for inclusion (include_path='.:/usr/local/lib/php') in /var/www/html/wp-content/themes/lilli-by-akira-back/blocks/accordion/accordion.php on line 38
[02-Dec-2024 12:13:19 UTC] PHP Warning:  include(blocks/_block_components/component_block_styled.php): Failed to open stream: No such file or directory in /var/www/html/wp-content/themes/lilli-by-akira-back/blocks/accordion/accordion.php on line 46
[02-Dec-2024 12:13:19 UTC] PHP Warning:  include(): Failed opening 'blocks/_block_components/component_block_styled.php' for inclusion (include_path='.:/usr/local/lib/php') in /var/www/html/wp-content/themes/lilli-by-akira-back/blocks/accordion/accordion.php on line 46
[02-Dec-2024 12:13:26 UTC] PHP Warning:  Undefined array key "theme" in /var/www/html/wp-content/themes/lilli-by-akira-back/page.php on line 7
[02-Dec-2024 12:13:26 UTC] PHP Warning:  Trying to access array offset on value of type null in /var/www/html/wp-content/themes/lilli-by-akira-back/page.php on line 7
[02-Dec-2024 12:13:26 UTC] PHP Warning:  Undefined array key "theme" in /var/www/html/wp-content/themes/lilli-by-akira-back/page.php on line 8
[02-Dec-2024 12:13:26 UTC] PHP Warning:  Trying to access array offset on value of type null in /var/www/html/wp-content/themes/lilli-by-akira-back/page.php on line 8
[02-Dec-2024 12:13:26 UTC] PHP Warning:  Undefined array key "theme" in /var/www/html/wp-content/themes/lilli-by-akira-back/page.php on line 9
[02-Dec-2024 12:13:27 UTC] PHP Warning:  Trying to access array offset on value of type null in /var/www/html/wp-content/themes/lilli-by-akira-back/page.php on line 9
[02-Dec-2024 12:13:27 UTC] PHP Warning:  Undefined array key "theme" in /var/www/html/wp-content/themes/lilli-by-akira-back/page.php on line 10
[02-Dec-2024 12:13:27 UTC] PHP Warning:  Trying to access array offset on value of type null in /var/www/html/wp-content/themes/lilli-by-akira-back/page.php on line 10
[02-Dec-2024 12:13:27 UTC] PHP Warning:  include(blocks/_block_components/component_block_class.php): Failed to open stream: No such file or directory in /var/www/html/wp-content/themes/lilli-by-akira-back/blocks/accordion/accordion.php on line 38
[02-Dec-2024 12:13:27 UTC] PHP Warning:  include(): Failed opening 'blocks/_block_components/component_block_class.php' for inclusion (include_path='.:/usr/local/lib/php') in /var/www/html/wp-content/themes/lilli-by-akira-back/blocks/accordion/accordion.php on line 38
[02-Dec-2024 12:13:27 UTC] PHP Warning:  include(blocks/_block_components/component_block_styled.php): Failed to open stream: No such file or directory in /var/www/html/wp-content/themes/lilli-by-akira-back/blocks/accordion/accordion.php on line 46
[02-Dec-2024 12:13:27 UTC] PHP Warning:  include(): Failed opening 'blocks/_block_components/component_block_styled.php' for inclusion (include_path='.:/usr/local/lib/php') in /var/www/html/wp-content/themes/lilli-by-akira-back/blocks/accordion/accordion.php on line 46
[02-Dec-2024 12:15:18 UTC] PHP Warning:  Undefined array key "theme" in /var/www/html/wp-content/themes/lilli-by-akira-back/page.php on line 7
[02-Dec-2024 12:15:18 UTC] PHP Warning:  Trying to access array offset on value of type null in /var/www/html/wp-content/themes/lilli-by-akira-back/page.php on line 7
[02-Dec-2024 12:15:18 UTC] PHP Warning:  Undefined array key "theme" in /var/www/html/wp-content/themes/lilli-by-akira-back/page.php on line 8
[02-Dec-2024 12:15:18 UTC] PHP Warning:  Trying to access array offset on value of type null in /var/www/html/wp-content/themes/lilli-by-akira-back/page.php on line 8
[02-Dec-2024 12:15:18 UTC] PHP Warning:  Undefined array key "theme" in /var/www/html/wp-content/themes/lilli-by-akira-back/page.php on line 9
[02-Dec-2024 12:15:18 UTC] PHP Warning:  Trying to access array offset on value of type null in /var/www/html/wp-content/themes/lilli-by-akira-back/page.php on line 9
[02-Dec-2024 12:15:18 UTC] PHP Warning:  Undefined array key "theme" in /var/www/html/wp-content/themes/lilli-by-akira-back/page.php on line 10
[02-Dec-2024 12:15:18 UTC] PHP Warning:  Trying to access array offset on value of type null in /var/www/html/wp-content/themes/lilli-by-akira-back/page.php on line 10
[02-Dec-2024 12:15:18 UTC] PHP Warning:  Undefined variable $bg_shade in /var/www/html/wp-content/themes/lilli-by-akira-back/blocks/_block_components/component_block_class.php on line 7
[02-Dec-2024 12:15:18 UTC] PHP Warning:  Undefined variable $palette in /var/www/html/wp-content/themes/lilli-by-akira-back/blocks/_block_components/component_block_class.php on line 9
[02-Dec-2024 12:15:18 UTC] PHP Warning:  include(/var/www/html/wp-content/themes/lilli-by-akira-back/blocks/_block_components/component_block_styled.php): Failed to open stream: No such file or directory in /var/www/html/wp-content/themes/lilli-by-akira-back/blocks/accordion/accordion.php on line 46
[02-Dec-2024 12:15:18 UTC] PHP Warning:  include(): Failed opening '/var/www/html/wp-content/themes/lilli-by-akira-back/blocks/_block_components/component_block_styled.php' for inclusion (include_path='.:/usr/local/lib/php') in /var/www/html/wp-content/themes/lilli-by-akira-back/blocks/accordion/accordion.php on line 46
[02-Dec-2024 12:15:26 UTC] PHP Warning:  Undefined variable $bg_shade in /var/www/html/wp-content/themes/lilli-by-akira-back/blocks/_block_components/component_block_class.php on line 7
[02-Dec-2024 12:15:26 UTC] PHP Warning:  Undefined variable $palette in /var/www/html/wp-content/themes/lilli-by-akira-back/blocks/_block_components/component_block_class.php on line 9
[02-Dec-2024 12:15:26 UTC] PHP Warning:  include(/var/www/html/wp-content/themes/lilli-by-akira-back/blocks/_block_components/component_block_styled.php): Failed to open stream: No such file or directory in /var/www/html/wp-content/themes/lilli-by-akira-back/blocks/accordion/accordion.php on line 46
[02-Dec-2024 12:15:26 UTC] PHP Warning:  include(): Failed opening '/var/www/html/wp-content/themes/lilli-by-akira-back/blocks/_block_components/component_block_styled.php' for inclusion (include_path='.:/usr/local/lib/php') in /var/www/html/wp-content/themes/lilli-by-akira-back/blocks/accordion/accordion.php on line 46
[02-Dec-2024 12:15:26 UTC] PHP Warning:  Undefined variable $bg_shade in /var/www/html/wp-content/themes/lilli-by-akira-back/blocks/_block_components/component_block_class.php on line 7
[02-Dec-2024 12:15:26 UTC] PHP Warning:  Undefined variable $palette in /var/www/html/wp-content/themes/lilli-by-akira-back/blocks/_block_components/component_block_class.php on line 9
[02-Dec-2024 12:15:26 UTC] PHP Warning:  include(/var/www/html/wp-content/themes/lilli-by-akira-back/blocks/_block_components/component_block_styled.php): Failed to open stream: No such file or directory in /var/www/html/wp-content/themes/lilli-by-akira-back/blocks/accordion/accordion.php on line 46
[02-Dec-2024 12:15:26 UTC] PHP Warning:  include(): Failed opening '/var/www/html/wp-content/themes/lilli-by-akira-back/blocks/_block_components/component_block_styled.php' for inclusion (include_path='.:/usr/local/lib/php') in /var/www/html/wp-content/themes/lilli-by-akira-back/blocks/accordion/accordion.php on line 46
[02-Dec-2024 12:15:35 UTC] PHP Warning:  Undefined variable $bg_shade in /var/www/html/wp-content/themes/lilli-by-akira-back/blocks/_block_components/component_block_class.php on line 7
[02-Dec-2024 12:15:35 UTC] PHP Warning:  Undefined variable $palette in /var/www/html/wp-content/themes/lilli-by-akira-back/blocks/_block_components/component_block_class.php on line 9
[02-Dec-2024 12:15:35 UTC] PHP Warning:  include(/var/www/html/wp-content/themes/lilli-by-akira-back/blocks/_block_components/component_block_styled.php): Failed to open stream: No such file or directory in /var/www/html/wp-content/themes/lilli-by-akira-back/blocks/accordion/accordion.php on line 46
[02-Dec-2024 12:15:35 UTC] PHP Warning:  include(): Failed opening '/var/www/html/wp-content/themes/lilli-by-akira-back/blocks/_block_components/component_block_styled.php' for inclusion (include_path='.:/usr/local/lib/php') in /var/www/html/wp-content/themes/lilli-by-akira-back/blocks/accordion/accordion.php on line 46
[02-Dec-2024 12:15:39 UTC] PHP Warning:  Undefined variable $bg_shade in /var/www/html/wp-content/themes/lilli-by-akira-back/blocks/_block_components/component_block_class.php on line 7
[02-Dec-2024 12:15:39 UTC] PHP Warning:  Undefined variable $palette in /var/www/html/wp-content/themes/lilli-by-akira-back/blocks/_block_components/component_block_class.php on line 9
[02-Dec-2024 12:15:39 UTC] PHP Warning:  include(/var/www/html/wp-content/themes/lilli-by-akira-back/blocks/_block_components/component_block_styled.php): Failed to open stream: No such file or directory in /var/www/html/wp-content/themes/lilli-by-akira-back/blocks/accordion/accordion.php on line 46
[02-Dec-2024 12:15:39 UTC] PHP Warning:  include(): Failed opening '/var/www/html/wp-content/themes/lilli-by-akira-back/blocks/_block_components/component_block_styled.php' for inclusion (include_path='.:/usr/local/lib/php') in /var/www/html/wp-content/themes/lilli-by-akira-back/blocks/accordion/accordion.php on line 46
[02-Dec-2024 12:15:41 UTC] PHP Warning:  Undefined variable $bg_shade in /var/www/html/wp-content/themes/lilli-by-akira-back/blocks/_block_components/component_block_class.php on line 7
[02-Dec-2024 12:15:41 UTC] PHP Warning:  Undefined variable $palette in /var/www/html/wp-content/themes/lilli-by-akira-back/blocks/_block_components/component_block_class.php on line 9
[02-Dec-2024 12:15:41 UTC] PHP Warning:  include(/var/www/html/wp-content/themes/lilli-by-akira-back/blocks/_block_components/component_block_styled.php): Failed to open stream: No such file or directory in /var/www/html/wp-content/themes/lilli-by-akira-back/blocks/accordion/accordion.php on line 46
[02-Dec-2024 12:15:41 UTC] PHP Warning:  include(): Failed opening '/var/www/html/wp-content/themes/lilli-by-akira-back/blocks/_block_components/component_block_styled.php' for inclusion (include_path='.:/usr/local/lib/php') in /var/www/html/wp-content/themes/lilli-by-akira-back/blocks/accordion/accordion.php on line 46
[02-Dec-2024 12:15:45 UTC] PHP Warning:  Undefined variable $bg_shade in /var/www/html/wp-content/themes/lilli-by-akira-back/blocks/_block_components/component_block_class.php on line 7
[02-Dec-2024 12:15:45 UTC] PHP Warning:  Undefined variable $palette in /var/www/html/wp-content/themes/lilli-by-akira-back/blocks/_block_components/component_block_class.php on line 9
[02-Dec-2024 12:15:45 UTC] PHP Warning:  include(/var/www/html/wp-content/themes/lilli-by-akira-back/blocks/_block_components/component_block_styled.php): Failed to open stream: No such file or directory in /var/www/html/wp-content/themes/lilli-by-akira-back/blocks/accordion/accordion.php on line 46
[02-Dec-2024 12:15:45 UTC] PHP Warning:  include(): Failed opening '/var/www/html/wp-content/themes/lilli-by-akira-back/blocks/_block_components/component_block_styled.php' for inclusion (include_path='.:/usr/local/lib/php') in /var/www/html/wp-content/themes/lilli-by-akira-back/blocks/accordion/accordion.php on line 46
[02-Dec-2024 12:15:46 UTC] PHP Warning:  Undefined variable $bg_shade in /var/www/html/wp-content/themes/lilli-by-akira-back/blocks/_block_components/component_block_class.php on line 7
[02-Dec-2024 12:15:46 UTC] PHP Warning:  Undefined variable $palette in /var/www/html/wp-content/themes/lilli-by-akira-back/blocks/_block_components/component_block_class.php on line 9
[02-Dec-2024 12:15:46 UTC] PHP Warning:  include(/var/www/html/wp-content/themes/lilli-by-akira-back/blocks/_block_components/component_block_styled.php): Failed to open stream: No such file or directory in /var/www/html/wp-content/themes/lilli-by-akira-back/blocks/accordion/accordion.php on line 46
[02-Dec-2024 12:15:46 UTC] PHP Warning:  include(): Failed opening '/var/www/html/wp-content/themes/lilli-by-akira-back/blocks/_block_components/component_block_styled.php' for inclusion (include_path='.:/usr/local/lib/php') in /var/www/html/wp-content/themes/lilli-by-akira-back/blocks/accordion/accordion.php on line 46
[02-Dec-2024 12:15:51 UTC] PHP Warning:  Undefined variable $bg_shade in /var/www/html/wp-content/themes/lilli-by-akira-back/blocks/_block_components/component_block_class.php on line 7
[02-Dec-2024 12:15:51 UTC] PHP Warning:  Undefined variable $palette in /var/www/html/wp-content/themes/lilli-by-akira-back/blocks/_block_components/component_block_class.php on line 9
[02-Dec-2024 12:15:51 UTC] PHP Warning:  include(/var/www/html/wp-content/themes/lilli-by-akira-back/blocks/_block_components/component_block_styled.php): Failed to open stream: No such file or directory in /var/www/html/wp-content/themes/lilli-by-akira-back/blocks/accordion/accordion.php on line 46
[02-Dec-2024 12:15:51 UTC] PHP Warning:  include(): Failed opening '/var/www/html/wp-content/themes/lilli-by-akira-back/blocks/_block_components/component_block_styled.php' for inclusion (include_path='.:/usr/local/lib/php') in /var/www/html/wp-content/themes/lilli-by-akira-back/blocks/accordion/accordion.php on line 46
[02-Dec-2024 12:15:52 UTC] PHP Warning:  Undefined variable $bg_shade in /var/www/html/wp-content/themes/lilli-by-akira-back/blocks/_block_components/component_block_class.php on line 7
[02-Dec-2024 12:15:52 UTC] PHP Warning:  Undefined variable $palette in /var/www/html/wp-content/themes/lilli-by-akira-back/blocks/_block_components/component_block_class.php on line 9
[02-Dec-2024 12:15:52 UTC] PHP Warning:  include(/var/www/html/wp-content/themes/lilli-by-akira-back/blocks/_block_components/component_block_styled.php): Failed to open stream: No such file or directory in /var/www/html/wp-content/themes/lilli-by-akira-back/blocks/accordion/accordion.php on line 46
[02-Dec-2024 12:15:52 UTC] PHP Warning:  include(): Failed opening '/var/www/html/wp-content/themes/lilli-by-akira-back/blocks/_block_components/component_block_styled.php' for inclusion (include_path='.:/usr/local/lib/php') in /var/www/html/wp-content/themes/lilli-by-akira-back/blocks/accordion/accordion.php on line 46
[02-Dec-2024 12:15:52 UTC] PHP Warning:  Undefined variable $bg_shade in /var/www/html/wp-content/themes/lilli-by-akira-back/blocks/_block_components/component_block_class.php on line 7
[02-Dec-2024 12:15:52 UTC] PHP Warning:  Undefined variable $palette in /var/www/html/wp-content/themes/lilli-by-akira-back/blocks/_block_components/component_block_class.php on line 9
[02-Dec-2024 12:15:52 UTC] PHP Warning:  include(/var/www/html/wp-content/themes/lilli-by-akira-back/blocks/_block_components/component_block_styled.php): Failed to open stream: No such file or directory in /var/www/html/wp-content/themes/lilli-by-akira-back/blocks/accordion/accordion.php on line 46
[02-Dec-2024 12:15:52 UTC] PHP Warning:  include(): Failed opening '/var/www/html/wp-content/themes/lilli-by-akira-back/blocks/_block_components/component_block_styled.php' for inclusion (include_path='.:/usr/local/lib/php') in /var/www/html/wp-content/themes/lilli-by-akira-back/blocks/accordion/accordion.php on line 46
[02-Dec-2024 12:15:55 UTC] PHP Warning:  Undefined array key "theme" in /var/www/html/wp-content/themes/lilli-by-akira-back/page.php on line 7
[02-Dec-2024 12:15:55 UTC] PHP Warning:  Trying to access array offset on value of type null in /var/www/html/wp-content/themes/lilli-by-akira-back/page.php on line 7
[02-Dec-2024 12:15:55 UTC] PHP Warning:  Undefined array key "theme" in /var/www/html/wp-content/themes/lilli-by-akira-back/page.php on line 8
[02-Dec-2024 12:15:55 UTC] PHP Warning:  Trying to access array offset on value of type null in /var/www/html/wp-content/themes/lilli-by-akira-back/page.php on line 8
[02-Dec-2024 12:15:55 UTC] PHP Warning:  Undefined array key "theme" in /var/www/html/wp-content/themes/lilli-by-akira-back/page.php on line 9
[02-Dec-2024 12:15:55 UTC] PHP Warning:  Trying to access array offset on value of type null in /var/www/html/wp-content/themes/lilli-by-akira-back/page.php on line 9
[02-Dec-2024 12:15:55 UTC] PHP Warning:  Undefined array key "theme" in /var/www/html/wp-content/themes/lilli-by-akira-back/page.php on line 10
[02-Dec-2024 12:15:55 UTC] PHP Warning:  Trying to access array offset on value of type null in /var/www/html/wp-content/themes/lilli-by-akira-back/page.php on line 10
[02-Dec-2024 12:15:55 UTC] PHP Warning:  Undefined variable $bg_shade in /var/www/html/wp-content/themes/lilli-by-akira-back/blocks/_block_components/component_block_class.php on line 7
[02-Dec-2024 12:15:55 UTC] PHP Warning:  Undefined variable $palette in /var/www/html/wp-content/themes/lilli-by-akira-back/blocks/_block_components/component_block_class.php on line 9
[02-Dec-2024 12:15:55 UTC] PHP Warning:  include(/var/www/html/wp-content/themes/lilli-by-akira-back/blocks/_block_components/component_block_styled.php): Failed to open stream: No such file or directory in /var/www/html/wp-content/themes/lilli-by-akira-back/blocks/accordion/accordion.php on line 46
[02-Dec-2024 12:15:55 UTC] PHP Warning:  include(): Failed opening '/var/www/html/wp-content/themes/lilli-by-akira-back/blocks/_block_components/component_block_styled.php' for inclusion (include_path='.:/usr/local/lib/php') in /var/www/html/wp-content/themes/lilli-by-akira-back/blocks/accordion/accordion.php on line 46
[02-Dec-2024 12:16:09 UTC] PHP Warning:  Undefined array key "theme" in /var/www/html/wp-content/themes/lilli-by-akira-back/page.php on line 7
[02-Dec-2024 12:16:09 UTC] PHP Warning:  Trying to access array offset on value of type null in /var/www/html/wp-content/themes/lilli-by-akira-back/page.php on line 7
[02-Dec-2024 12:16:09 UTC] PHP Warning:  Undefined array key "theme" in /var/www/html/wp-content/themes/lilli-by-akira-back/page.php on line 8
[02-Dec-2024 12:16:09 UTC] PHP Warning:  Trying to access array offset on value of type null in /var/www/html/wp-content/themes/lilli-by-akira-back/page.php on line 8
[02-Dec-2024 12:16:09 UTC] PHP Warning:  Undefined array key "theme" in /var/www/html/wp-content/themes/lilli-by-akira-back/page.php on line 9
[02-Dec-2024 12:16:09 UTC] PHP Warning:  Trying to access array offset on value of type null in /var/www/html/wp-content/themes/lilli-by-akira-back/page.php on line 9
[02-Dec-2024 12:16:09 UTC] PHP Warning:  Undefined array key "theme" in /var/www/html/wp-content/themes/lilli-by-akira-back/page.php on line 10
[02-Dec-2024 12:16:09 UTC] PHP Warning:  Trying to access array offset on value of type null in /var/www/html/wp-content/themes/lilli-by-akira-back/page.php on line 10
[02-Dec-2024 12:16:09 UTC] PHP Fatal error:  Uncaught Error: Call to undefined function set_color_bg_shade_values() in /var/www/html/wp-content/themes/lilli-by-akira-back/blocks/accordion/accordion.php:23
Stack trace:
#0 /var/www/html/wp-content/plugins/advanced-custom-fields-pro/pro/blocks.php(708): accordion_render_callback(Array, '', false, 2127, Object(WP_Block), Array)
#1 /var/www/html/wp-content/plugins/advanced-custom-fields-pro/pro/blocks.php(610): acf_render_block(Array, '', false, 2127, Object(WP_Block), Array)
#2 /var/www/html/wp-content/plugins/advanced-custom-fields-pro/pro/blocks.php(533): acf_rendered_block(Array, '', false, 2127, Object(WP_Block))
#3 /var/www/html/wp-includes/class-wp-block.php(519): acf_render_block_callback(Array, '', Object(WP_Block))
#4 /var/www/html/wp-includes/blocks.php(2061): WP_Block->render()
#5 /var/www/html/wp-includes/blocks.php(2113): render_block(Array)
#6 /var/www/html/wp-includes/class-wp-hook.php(324): do_blocks('<!-- wp:acf/acc...')
#7 /var/www/html/wp-includes/plugin.php(205): WP_Hook->apply_filters('<!-- wp:acf/acc...', Array)
#8 /var/www/html/wp-includes/post-template.php(256): apply_filters('the_content', '<!-- wp:acf/acc...')
#9 /var/www/html/wp-content/themes/lilli-by-akira-back/page.php(36): the_content()
#10 /var/www/html/wp-includes/template-loader.php(106): include('/var/www/html/w...')
#11 /var/www/html/wp-blog-header.php(19): require_once('/var/www/html/w...')
#12 /var/www/html/index.php(17): require('/var/www/html/w...')
#13 {main}
  thrown in /var/www/html/wp-content/themes/lilli-by-akira-back/blocks/accordion/accordion.php on line 23
[02-Dec-2024 12:17:22 UTC] PHP Warning:  Undefined array key "theme" in /var/www/html/wp-content/themes/lilli-by-akira-back/page.php on line 7
[02-Dec-2024 12:17:22 UTC] PHP Warning:  Trying to access array offset on value of type null in /var/www/html/wp-content/themes/lilli-by-akira-back/page.php on line 7
[02-Dec-2024 12:17:22 UTC] PHP Warning:  Undefined array key "theme" in /var/www/html/wp-content/themes/lilli-by-akira-back/page.php on line 8
[02-Dec-2024 12:17:22 UTC] PHP Warning:  Trying to access array offset on value of type null in /var/www/html/wp-content/themes/lilli-by-akira-back/page.php on line 8
[02-Dec-2024 12:17:22 UTC] PHP Warning:  Undefined array key "theme" in /var/www/html/wp-content/themes/lilli-by-akira-back/page.php on line 9
[02-Dec-2024 12:17:22 UTC] PHP Warning:  Trying to access array offset on value of type null in /var/www/html/wp-content/themes/lilli-by-akira-back/page.php on line 9
[02-Dec-2024 12:17:22 UTC] PHP Warning:  Undefined array key "theme" in /var/www/html/wp-content/themes/lilli-by-akira-back/page.php on line 10
[02-Dec-2024 12:17:22 UTC] PHP Warning:  Trying to access array offset on value of type null in /var/www/html/wp-content/themes/lilli-by-akira-back/page.php on line 10
[02-Dec-2024 12:17:22 UTC] PHP Warning:  Array to string conversion in /var/www/html/wp-content/themes/lilli-by-akira-back/blocks/_block_components/component_block_class.php on line 7
[02-Dec-2024 12:17:22 UTC] PHP Warning:  include(/var/www/html/wp-content/themes/lilli-by-akira-back/blocks/_block_components/component_block_styled.php): Failed to open stream: No such file or directory in /var/www/html/wp-content/themes/lilli-by-akira-back/blocks/accordion/accordion.php on line 46
[02-Dec-2024 12:17:22 UTC] PHP Warning:  include(): Failed opening '/var/www/html/wp-content/themes/lilli-by-akira-back/blocks/_block_components/component_block_styled.php' for inclusion (include_path='.:/usr/local/lib/php') in /var/www/html/wp-content/themes/lilli-by-akira-back/blocks/accordion/accordion.php on line 46
[02-Dec-2024 12:17:37 UTC] PHP Warning:  Undefined array key "theme" in /var/www/html/wp-content/themes/lilli-by-akira-back/page.php on line 7
[02-Dec-2024 12:17:37 UTC] PHP Warning:  Trying to access array offset on value of type null in /var/www/html/wp-content/themes/lilli-by-akira-back/page.php on line 7
[02-Dec-2024 12:17:37 UTC] PHP Warning:  Undefined array key "theme" in /var/www/html/wp-content/themes/lilli-by-akira-back/page.php on line 8
[02-Dec-2024 12:17:37 UTC] PHP Warning:  Trying to access array offset on value of type null in /var/www/html/wp-content/themes/lilli-by-akira-back/page.php on line 8
[02-Dec-2024 12:17:37 UTC] PHP Warning:  Undefined array key "theme" in /var/www/html/wp-content/themes/lilli-by-akira-back/page.php on line 9
[02-Dec-2024 12:17:37 UTC] PHP Warning:  Trying to access array offset on value of type null in /var/www/html/wp-content/themes/lilli-by-akira-back/page.php on line 9
[02-Dec-2024 12:17:37 UTC] PHP Warning:  Undefined array key "theme" in /var/www/html/wp-content/themes/lilli-by-akira-back/page.php on line 10
[02-Dec-2024 12:17:37 UTC] PHP Warning:  Trying to access array offset on value of type null in /var/www/html/wp-content/themes/lilli-by-akira-back/page.php on line 10
[02-Dec-2024 12:17:37 UTC] PHP Warning:  Array to string conversion in /var/www/html/wp-content/themes/lilli-by-akira-back/blocks/_block_components/component_block_class.php on line 7
[02-Dec-2024 12:17:41 UTC] PHP Warning:  Undefined array key "theme" in /var/www/html/wp-content/themes/lilli-by-akira-back/page.php on line 7
[02-Dec-2024 12:17:41 UTC] PHP Warning:  Trying to access array offset on value of type null in /var/www/html/wp-content/themes/lilli-by-akira-back/page.php on line 7
[02-Dec-2024 12:17:41 UTC] PHP Warning:  Undefined array key "theme" in /var/www/html/wp-content/themes/lilli-by-akira-back/page.php on line 8
[02-Dec-2024 12:17:41 UTC] PHP Warning:  Trying to access array offset on value of type null in /var/www/html/wp-content/themes/lilli-by-akira-back/page.php on line 8
[02-Dec-2024 12:17:41 UTC] PHP Warning:  Undefined array key "theme" in /var/www/html/wp-content/themes/lilli-by-akira-back/page.php on line 9
[02-Dec-2024 12:17:41 UTC] PHP Warning:  Trying to access array offset on value of type null in /var/www/html/wp-content/themes/lilli-by-akira-back/page.php on line 9
[02-Dec-2024 12:17:41 UTC] PHP Warning:  Undefined array key "theme" in /var/www/html/wp-content/themes/lilli-by-akira-back/page.php on line 10
[02-Dec-2024 12:17:41 UTC] PHP Warning:  Trying to access array offset on value of type null in /var/www/html/wp-content/themes/lilli-by-akira-back/page.php on line 10
[02-Dec-2024 12:17:41 UTC] PHP Warning:  Array to string conversion in /var/www/html/wp-content/themes/lilli-by-akira-back/blocks/_block_components/component_block_class.php on line 7
[02-Dec-2024 12:18:42 UTC] PHP Warning:  Undefined array key "theme" in /var/www/html/wp-content/themes/lilli-by-akira-back/page.php on line 7
[02-Dec-2024 12:18:42 UTC] PHP Warning:  Trying to access array offset on value of type null in /var/www/html/wp-content/themes/lilli-by-akira-back/page.php on line 7
[02-Dec-2024 12:18:42 UTC] PHP Warning:  Undefined array key "theme" in /var/www/html/wp-content/themes/lilli-by-akira-back/page.php on line 8
[02-Dec-2024 12:18:42 UTC] PHP Warning:  Trying to access array offset on value of type null in /var/www/html/wp-content/themes/lilli-by-akira-back/page.php on line 8
[02-Dec-2024 12:18:42 UTC] PHP Warning:  Undefined array key "theme" in /var/www/html/wp-content/themes/lilli-by-akira-back/page.php on line 9
[02-Dec-2024 12:18:42 UTC] PHP Warning:  Trying to access array offset on value of type null in /var/www/html/wp-content/themes/lilli-by-akira-back/page.php on line 9
[02-Dec-2024 12:18:42 UTC] PHP Warning:  Undefined array key "theme" in /var/www/html/wp-content/themes/lilli-by-akira-back/page.php on line 10
[02-Dec-2024 12:18:42 UTC] PHP Warning:  Trying to access array offset on value of type null in /var/www/html/wp-content/themes/lilli-by-akira-back/page.php on line 10
[02-Dec-2024 12:18:42 UTC] PHP Warning:  Array to string conversion in /var/www/html/wp-content/themes/lilli-by-akira-back/blocks/_block_components/component_block_class.php on line 7
[02-Dec-2024 12:18:45 UTC] PHP Warning:  Undefined array key "theme" in /var/www/html/wp-content/themes/lilli-by-akira-back/page.php on line 7
[02-Dec-2024 12:18:45 UTC] PHP Warning:  Trying to access array offset on value of type null in /var/www/html/wp-content/themes/lilli-by-akira-back/page.php on line 7
[02-Dec-2024 12:18:45 UTC] PHP Warning:  Undefined array key "theme" in /var/www/html/wp-content/themes/lilli-by-akira-back/page.php on line 8
[02-Dec-2024 12:18:45 UTC] PHP Warning:  Trying to access array offset on value of type null in /var/www/html/wp-content/themes/lilli-by-akira-back/page.php on line 8
[02-Dec-2024 12:18:45 UTC] PHP Warning:  Undefined array key "theme" in /var/www/html/wp-content/themes/lilli-by-akira-back/page.php on line 9
[02-Dec-2024 12:18:45 UTC] PHP Warning:  Trying to access array offset on value of type null in /var/www/html/wp-content/themes/lilli-by-akira-back/page.php on line 9
[02-Dec-2024 12:18:45 UTC] PHP Warning:  Undefined array key "theme" in /var/www/html/wp-content/themes/lilli-by-akira-back/page.php on line 10
[02-Dec-2024 12:18:45 UTC] PHP Warning:  Trying to access array offset on value of type null in /var/www/html/wp-content/themes/lilli-by-akira-back/page.php on line 10
[02-Dec-2024 12:18:45 UTC] PHP Warning:  Array to string conversion in /var/www/html/wp-content/themes/lilli-by-akira-back/blocks/_block_components/component_block_class.php on line 7
[02-Dec-2024 12:19:40 UTC] PHP Warning:  Undefined array key "theme" in /var/www/html/wp-content/themes/lilli-by-akira-back/page.php on line 7
[02-Dec-2024 12:19:40 UTC] PHP Warning:  Trying to access array offset on value of type null in /var/www/html/wp-content/themes/lilli-by-akira-back/page.php on line 7
[02-Dec-2024 12:19:40 UTC] PHP Warning:  Undefined array key "theme" in /var/www/html/wp-content/themes/lilli-by-akira-back/page.php on line 8
[02-Dec-2024 12:19:40 UTC] PHP Warning:  Trying to access array offset on value of type null in /var/www/html/wp-content/themes/lilli-by-akira-back/page.php on line 8
[02-Dec-2024 12:19:40 UTC] PHP Warning:  Undefined array key "theme" in /var/www/html/wp-content/themes/lilli-by-akira-back/page.php on line 9
[02-Dec-2024 12:19:40 UTC] PHP Warning:  Trying to access array offset on value of type null in /var/www/html/wp-content/themes/lilli-by-akira-back/page.php on line 9
[02-Dec-2024 12:19:40 UTC] PHP Warning:  Undefined array key "theme" in /var/www/html/wp-content/themes/lilli-by-akira-back/page.php on line 10
[02-Dec-2024 12:19:40 UTC] PHP Warning:  Trying to access array offset on value of type null in /var/www/html/wp-content/themes/lilli-by-akira-back/page.php on line 10
[02-Dec-2024 12:19:40 UTC] PHP Warning:  Array to string conversion in /var/www/html/wp-content/themes/lilli-by-akira-back/blocks/_block_components/component_block_class.php on line 7
[02-Dec-2024 12:20:02 UTC] PHP Warning:  Undefined array key "theme" in /var/www/html/wp-content/themes/lilli-by-akira-back/page.php on line 7
[02-Dec-2024 12:20:02 UTC] PHP Warning:  Trying to access array offset on value of type null in /var/www/html/wp-content/themes/lilli-by-akira-back/page.php on line 7
[02-Dec-2024 12:20:02 UTC] PHP Warning:  Undefined array key "theme" in /var/www/html/wp-content/themes/lilli-by-akira-back/page.php on line 8
[02-Dec-2024 12:20:02 UTC] PHP Warning:  Trying to access array offset on value of type null in /var/www/html/wp-content/themes/lilli-by-akira-back/page.php on line 8
[02-Dec-2024 12:20:02 UTC] PHP Warning:  Undefined array key "theme" in /var/www/html/wp-content/themes/lilli-by-akira-back/page.php on line 9
[02-Dec-2024 12:20:02 UTC] PHP Warning:  Trying to access array offset on value of type null in /var/www/html/wp-content/themes/lilli-by-akira-back/page.php on line 9
[02-Dec-2024 12:20:02 UTC] PHP Warning:  Undefined array key "theme" in /var/www/html/wp-content/themes/lilli-by-akira-back/page.php on line 10
[02-Dec-2024 12:20:02 UTC] PHP Warning:  Trying to access array offset on value of type null in /var/www/html/wp-content/themes/lilli-by-akira-back/page.php on line 10
[02-Dec-2024 12:20:02 UTC] PHP Warning:  Array to string conversion in /var/www/html/wp-content/themes/lilli-by-akira-back/blocks/_block_components/component_block_class.php on line 10
[02-Dec-2024 12:20:41 UTC] PHP Warning:  Array to string conversion in /var/www/html/wp-content/themes/lilli-by-akira-back/blocks/_block_components/component_block_class.php on line 7
[02-Dec-2024 12:20:46 UTC] PHP Warning:  Undefined array key "theme" in /var/www/html/wp-content/themes/lilli-by-akira-back/page.php on line 7
[02-Dec-2024 12:20:46 UTC] PHP Warning:  Trying to access array offset on value of type null in /var/www/html/wp-content/themes/lilli-by-akira-back/page.php on line 7
[02-Dec-2024 12:20:46 UTC] PHP Warning:  Undefined array key "theme" in /var/www/html/wp-content/themes/lilli-by-akira-back/page.php on line 8
[02-Dec-2024 12:20:46 UTC] PHP Warning:  Trying to access array offset on value of type null in /var/www/html/wp-content/themes/lilli-by-akira-back/page.php on line 8
[02-Dec-2024 12:20:46 UTC] PHP Warning:  Undefined array key "theme" in /var/www/html/wp-content/themes/lilli-by-akira-back/page.php on line 9
[02-Dec-2024 12:20:46 UTC] PHP Warning:  Trying to access array offset on value of type null in /var/www/html/wp-content/themes/lilli-by-akira-back/page.php on line 9
[02-Dec-2024 12:20:46 UTC] PHP Warning:  Undefined array key "theme" in /var/www/html/wp-content/themes/lilli-by-akira-back/page.php on line 10
[02-Dec-2024 12:20:46 UTC] PHP Warning:  Trying to access array offset on value of type null in /var/www/html/wp-content/themes/lilli-by-akira-back/page.php on line 10
[02-Dec-2024 12:20:46 UTC] PHP Warning:  Array to string conversion in /var/www/html/wp-content/themes/lilli-by-akira-back/blocks/_block_components/component_block_class.php on line 7
[02-Dec-2024 12:21:12 UTC] PHP Warning:  Undefined array key "theme" in /var/www/html/wp-content/themes/lilli-by-akira-back/page.php on line 7
[02-Dec-2024 12:21:12 UTC] PHP Warning:  Trying to access array offset on value of type null in /var/www/html/wp-content/themes/lilli-by-akira-back/page.php on line 7
[02-Dec-2024 12:21:12 UTC] PHP Warning:  Undefined array key "theme" in /var/www/html/wp-content/themes/lilli-by-akira-back/page.php on line 8
[02-Dec-2024 12:21:12 UTC] PHP Warning:  Trying to access array offset on value of type null in /var/www/html/wp-content/themes/lilli-by-akira-back/page.php on line 8
[02-Dec-2024 12:21:12 UTC] PHP Warning:  Undefined array key "theme" in /var/www/html/wp-content/themes/lilli-by-akira-back/page.php on line 9
[02-Dec-2024 12:21:12 UTC] PHP Warning:  Trying to access array offset on value of type null in /var/www/html/wp-content/themes/lilli-by-akira-back/page.php on line 9
[02-Dec-2024 12:21:12 UTC] PHP Warning:  Undefined array key "theme" in /var/www/html/wp-content/themes/lilli-by-akira-back/page.php on line 10
[02-Dec-2024 12:21:12 UTC] PHP Warning:  Trying to access array offset on value of type null in /var/www/html/wp-content/themes/lilli-by-akira-back/page.php on line 10
[02-Dec-2024 12:21:12 UTC] PHP Warning:  Array to string conversion in /var/www/html/wp-content/themes/lilli-by-akira-back/blocks/_block_components/component_block_class.php on line 7
[02-Dec-2024 12:21:34 UTC] PHP Warning:  Undefined array key "theme" in /var/www/html/wp-content/themes/lilli-by-akira-back/page.php on line 7
[02-Dec-2024 12:21:34 UTC] PHP Warning:  Trying to access array offset on value of type null in /var/www/html/wp-content/themes/lilli-by-akira-back/page.php on line 7
[02-Dec-2024 12:21:34 UTC] PHP Warning:  Undefined array key "theme" in /var/www/html/wp-content/themes/lilli-by-akira-back/page.php on line 8
[02-Dec-2024 12:21:34 UTC] PHP Warning:  Trying to access array offset on value of type null in /var/www/html/wp-content/themes/lilli-by-akira-back/page.php on line 8
[02-Dec-2024 12:21:34 UTC] PHP Warning:  Undefined array key "theme" in /var/www/html/wp-content/themes/lilli-by-akira-back/page.php on line 9
[02-Dec-2024 12:21:34 UTC] PHP Warning:  Trying to access array offset on value of type null in /var/www/html/wp-content/themes/lilli-by-akira-back/page.php on line 9
[02-Dec-2024 12:21:34 UTC] PHP Warning:  Undefined array key "theme" in /var/www/html/wp-content/themes/lilli-by-akira-back/page.php on line 10
[02-Dec-2024 12:21:34 UTC] PHP Warning:  Trying to access array offset on value of type null in /var/www/html/wp-content/themes/lilli-by-akira-back/page.php on line 10
[02-Dec-2024 12:21:34 UTC] PHP Warning:  Array to string conversion in /var/www/html/wp-content/themes/lilli-by-akira-back/blocks/_block_components/component_block_class.php on line 7
[02-Dec-2024 12:21:51 UTC] PHP Warning:  Undefined array key "theme" in /var/www/html/wp-content/themes/lilli-by-akira-back/page.php on line 7
[02-Dec-2024 12:21:51 UTC] PHP Warning:  Trying to access array offset on value of type null in /var/www/html/wp-content/themes/lilli-by-akira-back/page.php on line 7
[02-Dec-2024 12:21:51 UTC] PHP Warning:  Undefined array key "theme" in /var/www/html/wp-content/themes/lilli-by-akira-back/page.php on line 8
[02-Dec-2024 12:21:51 UTC] PHP Warning:  Trying to access array offset on value of type null in /var/www/html/wp-content/themes/lilli-by-akira-back/page.php on line 8
[02-Dec-2024 12:21:51 UTC] PHP Warning:  Undefined array key "theme" in /var/www/html/wp-content/themes/lilli-by-akira-back/page.php on line 9
[02-Dec-2024 12:21:51 UTC] PHP Warning:  Trying to access array offset on value of type null in /var/www/html/wp-content/themes/lilli-by-akira-back/page.php on line 9
[02-Dec-2024 12:21:51 UTC] PHP Warning:  Undefined array key "theme" in /var/www/html/wp-content/themes/lilli-by-akira-back/page.php on line 10
[02-Dec-2024 12:21:51 UTC] PHP Warning:  Trying to access array offset on value of type null in /var/www/html/wp-content/themes/lilli-by-akira-back/page.php on line 10
[02-Dec-2024 12:21:51 UTC] PHP Warning:  Array to string conversion in /var/www/html/wp-content/themes/lilli-by-akira-back/blocks/_block_components/component_block_class.php on line 7
[02-Dec-2024 12:22:37 UTC] PHP Warning:  Undefined array key "theme" in /var/www/html/wp-content/themes/lilli-by-akira-back/page.php on line 7
[02-Dec-2024 12:22:37 UTC] PHP Warning:  Trying to access array offset on value of type null in /var/www/html/wp-content/themes/lilli-by-akira-back/page.php on line 7
[02-Dec-2024 12:22:37 UTC] PHP Warning:  Undefined array key "theme" in /var/www/html/wp-content/themes/lilli-by-akira-back/page.php on line 8
[02-Dec-2024 12:22:37 UTC] PHP Warning:  Trying to access array offset on value of type null in /var/www/html/wp-content/themes/lilli-by-akira-back/page.php on line 8
[02-Dec-2024 12:22:37 UTC] PHP Warning:  Undefined array key "theme" in /var/www/html/wp-content/themes/lilli-by-akira-back/page.php on line 9
[02-Dec-2024 12:22:37 UTC] PHP Warning:  Trying to access array offset on value of type null in /var/www/html/wp-content/themes/lilli-by-akira-back/page.php on line 9
[02-Dec-2024 12:22:37 UTC] PHP Warning:  Undefined array key "theme" in /var/www/html/wp-content/themes/lilli-by-akira-back/page.php on line 10
[02-Dec-2024 12:22:37 UTC] PHP Warning:  Trying to access array offset on value of type null in /var/www/html/wp-content/themes/lilli-by-akira-back/page.php on line 10
[02-Dec-2024 12:22:37 UTC] PHP Warning:  Array to string conversion in /var/www/html/wp-content/themes/lilli-by-akira-back/blocks/_block_components/component_block_class.php on line 7
[02-Dec-2024 12:27:38 UTC] PHP Parse error:  Unclosed '{' on line 4 does not match ']' in /var/www/html/wp-content/themes/lilli-by-akira-back/blocks/_block_components/component_color_palette.php on line 25
[02-Dec-2024 12:27:38 UTC] PHP Warning:  Trying to access array offset on value of type bool in /var/www/html/wp-includes/class-wp-recovery-mode-email-service.php on line 367
[02-Dec-2024 12:27:38 UTC] PHP Warning:  Trying to access array offset on value of type bool in /var/www/html/wp-includes/class-wp-recovery-mode-email-service.php on line 368
[02-Dec-2024 12:29:42 UTC] PHP Warning:  Undefined array key "theme" in /var/www/html/wp-content/themes/lilli-by-akira-back/page.php on line 7
[02-Dec-2024 12:29:42 UTC] PHP Warning:  Trying to access array offset on value of type null in /var/www/html/wp-content/themes/lilli-by-akira-back/page.php on line 7
[02-Dec-2024 12:29:42 UTC] PHP Warning:  Undefined array key "theme" in /var/www/html/wp-content/themes/lilli-by-akira-back/page.php on line 8
[02-Dec-2024 12:29:42 UTC] PHP Warning:  Trying to access array offset on value of type null in /var/www/html/wp-content/themes/lilli-by-akira-back/page.php on line 8
[02-Dec-2024 12:29:42 UTC] PHP Warning:  Undefined array key "theme" in /var/www/html/wp-content/themes/lilli-by-akira-back/page.php on line 9
[02-Dec-2024 12:29:42 UTC] PHP Warning:  Trying to access array offset on value of type null in /var/www/html/wp-content/themes/lilli-by-akira-back/page.php on line 9
[02-Dec-2024 12:29:42 UTC] PHP Warning:  Undefined array key "theme" in /var/www/html/wp-content/themes/lilli-by-akira-back/page.php on line 10
[02-Dec-2024 12:29:42 UTC] PHP Warning:  Trying to access array offset on value of type null in /var/www/html/wp-content/themes/lilli-by-akira-back/page.php on line 10
[02-Dec-2024 12:29:42 UTC] PHP Warning:  Array to string conversion in /var/www/html/wp-content/themes/lilli-by-akira-back/blocks/_block_components/component_block_class.php on line 7
[02-Dec-2024 12:29:42 UTC] PHP Warning:  Undefined variable $custom_text in /var/www/html/wp-content/themes/lilli-by-akira-back/blocks/_block_components/component_block_style.php on line 7
[02-Dec-2024 12:29:42 UTC] PHP Warning:  Undefined variable $custom_bg in /var/www/html/wp-content/themes/lilli-by-akira-back/blocks/_block_components/component_block_style.php on line 8
[02-Dec-2024 12:29:42 UTC] PHP Warning:  Undefined variable $custom_accent in /var/www/html/wp-content/themes/lilli-by-akira-back/blocks/_block_components/component_block_style.php on line 9
[02-Dec-2024 12:29:42 UTC] PHP Warning:  Undefined variable $custom_accent_reverse in /var/www/html/wp-content/themes/lilli-by-akira-back/blocks/_block_components/component_block_style.php on line 10
[02-Dec-2024 12:30:15 UTC] PHP Warning:  Undefined array key "theme" in /var/www/html/wp-content/themes/lilli-by-akira-back/page.php on line 7
[02-Dec-2024 12:30:15 UTC] PHP Warning:  Trying to access array offset on value of type null in /var/www/html/wp-content/themes/lilli-by-akira-back/page.php on line 7
[02-Dec-2024 12:30:15 UTC] PHP Warning:  Undefined array key "theme" in /var/www/html/wp-content/themes/lilli-by-akira-back/page.php on line 8
[02-Dec-2024 12:30:15 UTC] PHP Warning:  Trying to access array offset on value of type null in /var/www/html/wp-content/themes/lilli-by-akira-back/page.php on line 8
[02-Dec-2024 12:30:15 UTC] PHP Warning:  Undefined array key "theme" in /var/www/html/wp-content/themes/lilli-by-akira-back/page.php on line 9
[02-Dec-2024 12:30:15 UTC] PHP Warning:  Trying to access array offset on value of type null in /var/www/html/wp-content/themes/lilli-by-akira-back/page.php on line 9
[02-Dec-2024 12:30:15 UTC] PHP Warning:  Undefined array key "theme" in /var/www/html/wp-content/themes/lilli-by-akira-back/page.php on line 10
[02-Dec-2024 12:30:15 UTC] PHP Warning:  Trying to access array offset on value of type null in /var/www/html/wp-content/themes/lilli-by-akira-back/page.php on line 10
[02-Dec-2024 12:30:15 UTC] PHP Warning:  Array to string conversion in /var/www/html/wp-content/themes/lilli-by-akira-back/blocks/_block_components/component_block_class.php on line 7
[02-Dec-2024 12:30:15 UTC] PHP Warning:  Undefined variable $custom_text in /var/www/html/wp-content/themes/lilli-by-akira-back/blocks/_block_components/component_block_style.php on line 7
[02-Dec-2024 12:30:15 UTC] PHP Warning:  Undefined variable $custom_bg in /var/www/html/wp-content/themes/lilli-by-akira-back/blocks/_block_components/component_block_style.php on line 8
[02-Dec-2024 12:30:15 UTC] PHP Warning:  Undefined variable $custom_accent in /var/www/html/wp-content/themes/lilli-by-akira-back/blocks/_block_components/component_block_style.php on line 9
[02-Dec-2024 12:30:15 UTC] PHP Warning:  Undefined variable $custom_accent_reverse in /var/www/html/wp-content/themes/lilli-by-akira-back/blocks/_block_components/component_block_style.php on line 10
[02-Dec-2024 12:30:49 UTC] PHP Warning:  Undefined array key "theme" in /var/www/html/wp-content/themes/lilli-by-akira-back/page.php on line 7
[02-Dec-2024 12:30:49 UTC] PHP Warning:  Trying to access array offset on value of type null in /var/www/html/wp-content/themes/lilli-by-akira-back/page.php on line 7
[02-Dec-2024 12:30:49 UTC] PHP Warning:  Undefined array key "theme" in /var/www/html/wp-content/themes/lilli-by-akira-back/page.php on line 8
[02-Dec-2024 12:30:49 UTC] PHP Warning:  Trying to access array offset on value of type null in /var/www/html/wp-content/themes/lilli-by-akira-back/page.php on line 8
[02-Dec-2024 12:30:49 UTC] PHP Warning:  Undefined array key "theme" in /var/www/html/wp-content/themes/lilli-by-akira-back/page.php on line 9
[02-Dec-2024 12:30:49 UTC] PHP Warning:  Trying to access array offset on value of type null in /var/www/html/wp-content/themes/lilli-by-akira-back/page.php on line 9
[02-Dec-2024 12:30:49 UTC] PHP Warning:  Undefined array key "theme" in /var/www/html/wp-content/themes/lilli-by-akira-back/page.php on line 10
[02-Dec-2024 12:30:49 UTC] PHP Warning:  Trying to access array offset on value of type null in /var/www/html/wp-content/themes/lilli-by-akira-back/page.php on line 10
[02-Dec-2024 12:30:49 UTC] PHP Warning:  Array to string conversion in /var/www/html/wp-content/themes/lilli-by-akira-back/blocks/_block_components/component_block_class.php on line 7
[02-Dec-2024 12:30:49 UTC] PHP Warning:  Undefined variable $custom_text in /var/www/html/wp-content/themes/lilli-by-akira-back/blocks/_block_components/component_block_style.php on line 7
[02-Dec-2024 12:30:49 UTC] PHP Warning:  Undefined variable $custom_bg in /var/www/html/wp-content/themes/lilli-by-akira-back/blocks/_block_components/component_block_style.php on line 8
[02-Dec-2024 12:30:49 UTC] PHP Warning:  Undefined variable $custom_accent in /var/www/html/wp-content/themes/lilli-by-akira-back/blocks/_block_components/component_block_style.php on line 9
[02-Dec-2024 12:30:49 UTC] PHP Warning:  Undefined variable $custom_accent_reverse in /var/www/html/wp-content/themes/lilli-by-akira-back/blocks/_block_components/component_block_style.php on line 10
[02-Dec-2024 12:32:00 UTC] PHP Warning:  Undefined array key "theme" in /var/www/html/wp-content/themes/lilli-by-akira-back/page.php on line 7
[02-Dec-2024 12:32:00 UTC] PHP Warning:  Trying to access array offset on value of type null in /var/www/html/wp-content/themes/lilli-by-akira-back/page.php on line 7
[02-Dec-2024 12:32:00 UTC] PHP Warning:  Undefined array key "theme" in /var/www/html/wp-content/themes/lilli-by-akira-back/page.php on line 8
[02-Dec-2024 12:32:00 UTC] PHP Warning:  Trying to access array offset on value of type null in /var/www/html/wp-content/themes/lilli-by-akira-back/page.php on line 8
[02-Dec-2024 12:32:00 UTC] PHP Warning:  Undefined array key "theme" in /var/www/html/wp-content/themes/lilli-by-akira-back/page.php on line 9
[02-Dec-2024 12:32:00 UTC] PHP Warning:  Trying to access array offset on value of type null in /var/www/html/wp-content/themes/lilli-by-akira-back/page.php on line 9
[02-Dec-2024 12:32:00 UTC] PHP Warning:  Undefined array key "theme" in /var/www/html/wp-content/themes/lilli-by-akira-back/page.php on line 10
[02-Dec-2024 12:32:00 UTC] PHP Warning:  Trying to access array offset on value of type null in /var/www/html/wp-content/themes/lilli-by-akira-back/page.php on line 10
[02-Dec-2024 12:32:00 UTC] PHP Warning:  Array to string conversion in /var/www/html/wp-content/themes/lilli-by-akira-back/blocks/_block_components/component_block_class.php on line 7
[02-Dec-2024 12:32:21 UTC] PHP Warning:  Array to string conversion in /var/www/html/wp-content/themes/lilli-by-akira-back/blocks/_block_components/component_block_class.php on line 7
[02-Dec-2024 12:32:24 UTC] PHP Warning:  Array to string conversion in /var/www/html/wp-content/themes/lilli-by-akira-back/blocks/_block_components/component_block_class.php on line 7
[02-Dec-2024 12:32:25 UTC] PHP Warning:  Array to string conversion in /var/www/html/wp-content/themes/lilli-by-akira-back/blocks/_block_components/component_block_class.php on line 7
[02-Dec-2024 12:32:37 UTC] PHP Warning:  Array to string conversion in /var/www/html/wp-content/themes/lilli-by-akira-back/blocks/_block_components/component_block_class.php on line 7
[02-Dec-2024 12:32:51 UTC] PHP Warning:  Array to string conversion in /var/www/html/wp-content/themes/lilli-by-akira-back/blocks/_block_components/component_block_class.php on line 7
[02-Dec-2024 12:33:00 UTC] PHP Warning:  Array to string conversion in /var/www/html/wp-content/themes/lilli-by-akira-back/blocks/_block_components/component_block_class.php on line 7
[02-Dec-2024 12:33:50 UTC] PHP Warning:  Array to string conversion in /var/www/html/wp-content/themes/lilli-by-akira-back/blocks/_block_components/component_block_class.php on line 7
[02-Dec-2024 12:34:14 UTC] PHP Warning:  Array to string conversion in /var/www/html/wp-content/themes/lilli-by-akira-back/blocks/_block_components/component_block_class.php on line 7
[02-Dec-2024 12:34:27 UTC] PHP Warning:  Array to string conversion in /var/www/html/wp-content/themes/lilli-by-akira-back/blocks/_block_components/component_block_class.php on line 7
[02-Dec-2024 12:34:30 UTC] PHP Warning:  Array to string conversion in /var/www/html/wp-content/themes/lilli-by-akira-back/blocks/_block_components/component_block_class.php on line 7
[02-Dec-2024 12:34:30 UTC] PHP Warning:  Array to string conversion in /var/www/html/wp-content/themes/lilli-by-akira-back/blocks/_block_components/component_block_class.php on line 7
[02-Dec-2024 12:34:31 UTC] PHP Warning:  Array to string conversion in /var/www/html/wp-content/themes/lilli-by-akira-back/blocks/_block_components/component_block_class.php on line 7
[02-Dec-2024 12:34:34 UTC] PHP Warning:  Array to string conversion in /var/www/html/wp-content/themes/lilli-by-akira-back/blocks/_block_components/component_block_class.php on line 7
[02-Dec-2024 12:34:35 UTC] PHP Warning:  Array to string conversion in /var/www/html/wp-content/themes/lilli-by-akira-back/blocks/_block_components/component_block_class.php on line 7
[02-Dec-2024 12:36:06 UTC] PHP Warning:  Array to string conversion in /var/www/html/wp-content/themes/lilli-by-akira-back/blocks/_block_components/component_block_class.php on line 7
[02-Dec-2024 12:36:07 UTC] PHP Warning:  Array to string conversion in /var/www/html/wp-content/themes/lilli-by-akira-back/blocks/_block_components/component_block_class.php on line 7
[02-Dec-2024 12:36:07 UTC] PHP Warning:  Array to string conversion in /var/www/html/wp-content/themes/lilli-by-akira-back/blocks/_block_components/component_block_class.php on line 7
[02-Dec-2024 12:36:23 UTC] PHP Warning:  Array to string conversion in /var/www/html/wp-content/themes/lilli-by-akira-back/blocks/_block_components/component_block_class.php on line 7
[02-Dec-2024 12:36:32 UTC] PHP Warning:  Array to string conversion in /var/www/html/wp-content/themes/lilli-by-akira-back/blocks/_block_components/component_block_class.php on line 7
[02-Dec-2024 12:37:02 UTC] PHP Warning:  Array to string conversion in /var/www/html/wp-content/themes/lilli-by-akira-back/blocks/_block_components/component_block_class.php on line 7
[02-Dec-2024 12:45:53 UTC] PHP Warning:  Undefined array key "theme" in /var/www/html/wp-content/themes/lilli-by-akira-back/page.php on line 7
[02-Dec-2024 12:45:53 UTC] PHP Warning:  Trying to access array offset on value of type null in /var/www/html/wp-content/themes/lilli-by-akira-back/page.php on line 7
[02-Dec-2024 12:45:53 UTC] PHP Warning:  Undefined array key "theme" in /var/www/html/wp-content/themes/lilli-by-akira-back/page.php on line 8
[02-Dec-2024 12:45:53 UTC] PHP Warning:  Trying to access array offset on value of type null in /var/www/html/wp-content/themes/lilli-by-akira-back/page.php on line 8
[02-Dec-2024 12:45:53 UTC] PHP Warning:  Undefined array key "theme" in /var/www/html/wp-content/themes/lilli-by-akira-back/page.php on line 9
[02-Dec-2024 12:45:53 UTC] PHP Warning:  Trying to access array offset on value of type null in /var/www/html/wp-content/themes/lilli-by-akira-back/page.php on line 9
[02-Dec-2024 12:45:53 UTC] PHP Warning:  Undefined array key "theme" in /var/www/html/wp-content/themes/lilli-by-akira-back/page.php on line 10
[02-Dec-2024 12:45:53 UTC] PHP Warning:  Trying to access array offset on value of type null in /var/www/html/wp-content/themes/lilli-by-akira-back/page.php on line 10
[02-Dec-2024 12:49:59 UTC] PHP Warning:  Undefined array key "theme" in /var/www/html/wp-content/themes/lilli-by-akira-back/page.php on line 7
[02-Dec-2024 12:49:59 UTC] PHP Warning:  Trying to access array offset on value of type null in /var/www/html/wp-content/themes/lilli-by-akira-back/page.php on line 7
[02-Dec-2024 12:49:59 UTC] PHP Warning:  Undefined array key "theme" in /var/www/html/wp-content/themes/lilli-by-akira-back/page.php on line 8
[02-Dec-2024 12:49:59 UTC] PHP Warning:  Trying to access array offset on value of type null in /var/www/html/wp-content/themes/lilli-by-akira-back/page.php on line 8
[02-Dec-2024 12:49:59 UTC] PHP Warning:  Undefined array key "theme" in /var/www/html/wp-content/themes/lilli-by-akira-back/page.php on line 9
[02-Dec-2024 12:49:59 UTC] PHP Warning:  Trying to access array offset on value of type null in /var/www/html/wp-content/themes/lilli-by-akira-back/page.php on line 9
[02-Dec-2024 12:49:59 UTC] PHP Warning:  Undefined array key "theme" in /var/www/html/wp-content/themes/lilli-by-akira-back/page.php on line 10
[02-Dec-2024 12:49:59 UTC] PHP Warning:  Trying to access array offset on value of type null in /var/www/html/wp-content/themes/lilli-by-akira-back/page.php on line 10
[02-Dec-2024 12:50:29 UTC] PHP Warning:  Undefined array key "theme" in /var/www/html/wp-content/themes/lilli-by-akira-back/page.php on line 7
[02-Dec-2024 12:50:29 UTC] PHP Warning:  Trying to access array offset on value of type null in /var/www/html/wp-content/themes/lilli-by-akira-back/page.php on line 7
[02-Dec-2024 12:50:29 UTC] PHP Warning:  Undefined array key "theme" in /var/www/html/wp-content/themes/lilli-by-akira-back/page.php on line 8
[02-Dec-2024 12:50:29 UTC] PHP Warning:  Trying to access array offset on value of type null in /var/www/html/wp-content/themes/lilli-by-akira-back/page.php on line 8
[02-Dec-2024 12:50:29 UTC] PHP Warning:  Undefined array key "theme" in /var/www/html/wp-content/themes/lilli-by-akira-back/page.php on line 9
[02-Dec-2024 12:50:29 UTC] PHP Warning:  Trying to access array offset on value of type null in /var/www/html/wp-content/themes/lilli-by-akira-back/page.php on line 9
[02-Dec-2024 12:50:29 UTC] PHP Warning:  Undefined array key "theme" in /var/www/html/wp-content/themes/lilli-by-akira-back/page.php on line 10
[02-Dec-2024 12:50:29 UTC] PHP Warning:  Trying to access array offset on value of type null in /var/www/html/wp-content/themes/lilli-by-akira-back/page.php on line 10
[02-Dec-2024 12:51:04 UTC] PHP Warning:  Undefined array key "theme" in /var/www/html/wp-content/themes/lilli-by-akira-back/page.php on line 7
[02-Dec-2024 12:51:04 UTC] PHP Warning:  Trying to access array offset on value of type null in /var/www/html/wp-content/themes/lilli-by-akira-back/page.php on line 7
[02-Dec-2024 12:51:04 UTC] PHP Warning:  Undefined array key "theme" in /var/www/html/wp-content/themes/lilli-by-akira-back/page.php on line 8
[02-Dec-2024 12:51:04 UTC] PHP Warning:  Trying to access array offset on value of type null in /var/www/html/wp-content/themes/lilli-by-akira-back/page.php on line 8
[02-Dec-2024 12:51:04 UTC] PHP Warning:  Undefined array key "theme" in /var/www/html/wp-content/themes/lilli-by-akira-back/page.php on line 9
[02-Dec-2024 12:51:04 UTC] PHP Warning:  Trying to access array offset on value of type null in /var/www/html/wp-content/themes/lilli-by-akira-back/page.php on line 9
[02-Dec-2024 12:51:04 UTC] PHP Warning:  Undefined array key "theme" in /var/www/html/wp-content/themes/lilli-by-akira-back/page.php on line 10
[02-Dec-2024 12:51:04 UTC] PHP Warning:  Trying to access array offset on value of type null in /var/www/html/wp-content/themes/lilli-by-akira-back/page.php on line 10
[02-Dec-2024 12:51:04 UTC] PHP Warning:  Undefined variable $bg_shade in /var/www/html/wp-content/themes/lilli-by-akira-back/blocks/banner_default/banner_default.php on line 30
[02-Dec-2024 12:51:04 UTC] PHP Warning:  Undefined variable $palette in /var/www/html/wp-content/themes/lilli-by-akira-back/blocks/banner_default/banner_default.php on line 30
[02-Dec-2024 12:51:04 UTC] PHP Warning:  Undefined variable $palette in /var/www/html/wp-content/themes/lilli-by-akira-back/blocks/banner_default/banner_default.php on line 34
[02-Dec-2024 12:51:04 UTC] PHP Warning:  Undefined variable $bg_shade in /var/www/html/wp-content/themes/lilli-by-akira-back/blocks/banner_default/banner_default.php on line 40
[02-Dec-2024 12:51:04 UTC] PHP Warning:  Undefined array key "theme_select" in /var/www/html/wp-content/themes/lilli-by-akira-back/blocks/_block_components/component_background_media.php on line 7
[02-Dec-2024 12:51:04 UTC] PHP Warning:  Undefined array key "background_video" in /var/www/html/wp-content/themes/lilli-by-akira-back/blocks/_block_components/component_background_media.php on line 8
[02-Dec-2024 12:51:04 UTC] PHP Warning:  Undefined variable $themeField in /var/www/html/wp-content/themes/lilli-by-akira-back/blocks/banner_default/banner_default.php on line 47
[02-Dec-2024 12:51:04 UTC] PHP Warning:  Trying to access array offset on value of type null in /var/www/html/wp-content/themes/lilli-by-akira-back/blocks/banner_default/banner_default.php on line 47
[02-Dec-2024 12:51:04 UTC] PHP Warning:  Undefined variable $bg_shade in /var/www/html/wp-content/themes/lilli-by-akira-back/blocks/img_content/img_content.php on line 25
[02-Dec-2024 12:51:04 UTC] PHP Warning:  Undefined variable $palette in /var/www/html/wp-content/themes/lilli-by-akira-back/blocks/img_content/img_content.php on line 25
[02-Dec-2024 12:51:04 UTC] PHP Warning:  Undefined variable $palette in /var/www/html/wp-content/themes/lilli-by-akira-back/blocks/img_content/img_content.php on line 29
[02-Dec-2024 12:51:04 UTC] PHP Warning:  Undefined variable $bg_shade in /var/www/html/wp-content/themes/lilli-by-akira-back/blocks/img_content/img_content.php on line 35
[02-Dec-2024 12:51:04 UTC] PHP Warning:  Undefined array key "theme_select" in /var/www/html/wp-content/themes/lilli-by-akira-back/blocks/_block_components/component_background_media.php on line 7
[02-Dec-2024 12:51:04 UTC] PHP Warning:  Undefined array key "background_video" in /var/www/html/wp-content/themes/lilli-by-akira-back/blocks/_block_components/component_background_media.php on line 8
[02-Dec-2024 12:51:04 UTC] PHP Warning:  Undefined variable $themeField in /var/www/html/wp-content/themes/lilli-by-akira-back/blocks/img_content/img_content.php on line 52
[02-Dec-2024 12:51:04 UTC] PHP Warning:  Trying to access array offset on value of type null in /var/www/html/wp-content/themes/lilli-by-akira-back/blocks/img_content/img_content.php on line 52
[02-Dec-2024 12:51:10 UTC] PHP Warning:  Undefined array key "theme" in /var/www/html/wp-content/themes/lilli-by-akira-back/page.php on line 7
[02-Dec-2024 12:51:10 UTC] PHP Warning:  Trying to access array offset on value of type null in /var/www/html/wp-content/themes/lilli-by-akira-back/page.php on line 7
[02-Dec-2024 12:51:10 UTC] PHP Warning:  Undefined array key "theme" in /var/www/html/wp-content/themes/lilli-by-akira-back/page.php on line 8
[02-Dec-2024 12:51:10 UTC] PHP Warning:  Trying to access array offset on value of type null in /var/www/html/wp-content/themes/lilli-by-akira-back/page.php on line 8
[02-Dec-2024 12:51:10 UTC] PHP Warning:  Undefined array key "theme" in /var/www/html/wp-content/themes/lilli-by-akira-back/page.php on line 9
[02-Dec-2024 12:51:10 UTC] PHP Warning:  Trying to access array offset on value of type null in /var/www/html/wp-content/themes/lilli-by-akira-back/page.php on line 9
[02-Dec-2024 12:51:10 UTC] PHP Warning:  Undefined array key "theme" in /var/www/html/wp-content/themes/lilli-by-akira-back/page.php on line 10
[02-Dec-2024 12:51:10 UTC] PHP Warning:  Trying to access array offset on value of type null in /var/www/html/wp-content/themes/lilli-by-akira-back/page.php on line 10
[02-Dec-2024 12:51:14 UTC] PHP Warning:  Undefined array key "theme" in /var/www/html/wp-content/themes/lilli-by-akira-back/page.php on line 7
[02-Dec-2024 12:51:14 UTC] PHP Warning:  Trying to access array offset on value of type null in /var/www/html/wp-content/themes/lilli-by-akira-back/page.php on line 7
[02-Dec-2024 12:51:14 UTC] PHP Warning:  Undefined array key "theme" in /var/www/html/wp-content/themes/lilli-by-akira-back/page.php on line 8
[02-Dec-2024 12:51:14 UTC] PHP Warning:  Trying to access array offset on value of type null in /var/www/html/wp-content/themes/lilli-by-akira-back/page.php on line 8
[02-Dec-2024 12:51:14 UTC] PHP Warning:  Undefined array key "theme" in /var/www/html/wp-content/themes/lilli-by-akira-back/page.php on line 9
[02-Dec-2024 12:51:14 UTC] PHP Warning:  Trying to access array offset on value of type null in /var/www/html/wp-content/themes/lilli-by-akira-back/page.php on line 9
[02-Dec-2024 12:51:14 UTC] PHP Warning:  Undefined array key "theme" in /var/www/html/wp-content/themes/lilli-by-akira-back/page.php on line 10
[02-Dec-2024 12:51:14 UTC] PHP Warning:  Trying to access array offset on value of type null in /var/www/html/wp-content/themes/lilli-by-akira-back/page.php on line 10
[02-Dec-2024 12:51:53 UTC] PHP Warning:  Undefined array key "theme" in /var/www/html/wp-content/themes/lilli-by-akira-back/page.php on line 7
[02-Dec-2024 12:51:53 UTC] PHP Warning:  Trying to access array offset on value of type null in /var/www/html/wp-content/themes/lilli-by-akira-back/page.php on line 7
[02-Dec-2024 12:51:53 UTC] PHP Warning:  Undefined array key "theme" in /var/www/html/wp-content/themes/lilli-by-akira-back/page.php on line 8
[02-Dec-2024 12:51:53 UTC] PHP Warning:  Trying to access array offset on value of type null in /var/www/html/wp-content/themes/lilli-by-akira-back/page.php on line 8
[02-Dec-2024 12:51:53 UTC] PHP Warning:  Undefined array key "theme" in /var/www/html/wp-content/themes/lilli-by-akira-back/page.php on line 9
[02-Dec-2024 12:51:53 UTC] PHP Warning:  Trying to access array offset on value of type null in /var/www/html/wp-content/themes/lilli-by-akira-back/page.php on line 9
[02-Dec-2024 12:51:53 UTC] PHP Warning:  Undefined array key "theme" in /var/www/html/wp-content/themes/lilli-by-akira-back/page.php on line 10
[02-Dec-2024 12:51:53 UTC] PHP Warning:  Trying to access array offset on value of type null in /var/www/html/wp-content/themes/lilli-by-akira-back/page.php on line 10
[02-Dec-2024 13:32:14 UTC] PHP Warning:  Undefined array key "theme" in /var/www/html/wp-content/themes/lilli-by-akira-back/page.php on line 7
[02-Dec-2024 13:32:14 UTC] PHP Warning:  Trying to access array offset on value of type null in /var/www/html/wp-content/themes/lilli-by-akira-back/page.php on line 7
[02-Dec-2024 13:32:14 UTC] PHP Warning:  Undefined array key "theme" in /var/www/html/wp-content/themes/lilli-by-akira-back/page.php on line 8
[02-Dec-2024 13:32:14 UTC] PHP Warning:  Trying to access array offset on value of type null in /var/www/html/wp-content/themes/lilli-by-akira-back/page.php on line 8
[02-Dec-2024 13:32:14 UTC] PHP Warning:  Undefined array key "theme" in /var/www/html/wp-content/themes/lilli-by-akira-back/page.php on line 9
[02-Dec-2024 13:32:14 UTC] PHP Warning:  Trying to access array offset on value of type null in /var/www/html/wp-content/themes/lilli-by-akira-back/page.php on line 9
[02-Dec-2024 13:32:14 UTC] PHP Warning:  Undefined array key "theme" in /var/www/html/wp-content/themes/lilli-by-akira-back/page.php on line 10
[02-Dec-2024 13:32:14 UTC] PHP Warning:  Trying to access array offset on value of type null in /var/www/html/wp-content/themes/lilli-by-akira-back/page.php on line 10
[02-Dec-2024 13:39:58 UTC] PHP Warning:  Undefined array key "theme" in /var/www/html/wp-content/themes/lilli-by-akira-back/page.php on line 7
[02-Dec-2024 13:39:58 UTC] PHP Warning:  Trying to access array offset on value of type null in /var/www/html/wp-content/themes/lilli-by-akira-back/page.php on line 7
[02-Dec-2024 13:39:58 UTC] PHP Warning:  Undefined array key "theme" in /var/www/html/wp-content/themes/lilli-by-akira-back/page.php on line 8
[02-Dec-2024 13:39:58 UTC] PHP Warning:  Trying to access array offset on value of type null in /var/www/html/wp-content/themes/lilli-by-akira-back/page.php on line 8
[02-Dec-2024 13:39:58 UTC] PHP Warning:  Undefined array key "theme" in /var/www/html/wp-content/themes/lilli-by-akira-back/page.php on line 9
[02-Dec-2024 13:39:58 UTC] PHP Warning:  Trying to access array offset on value of type null in /var/www/html/wp-content/themes/lilli-by-akira-back/page.php on line 9
[02-Dec-2024 13:39:58 UTC] PHP Warning:  Undefined array key "theme" in /var/www/html/wp-content/themes/lilli-by-akira-back/page.php on line 10
[02-Dec-2024 13:39:58 UTC] PHP Warning:  Trying to access array offset on value of type null in /var/www/html/wp-content/themes/lilli-by-akira-back/page.php on line 10
[02-Dec-2024 13:40:26 UTC] PHP Warning:  Undefined array key "theme" in /var/www/html/wp-content/themes/lilli-by-akira-back/page.php on line 7
[02-Dec-2024 13:40:26 UTC] PHP Warning:  Trying to access array offset on value of type null in /var/www/html/wp-content/themes/lilli-by-akira-back/page.php on line 7
[02-Dec-2024 13:40:26 UTC] PHP Warning:  Undefined array key "theme" in /var/www/html/wp-content/themes/lilli-by-akira-back/page.php on line 8
[02-Dec-2024 13:40:26 UTC] PHP Warning:  Trying to access array offset on value of type null in /var/www/html/wp-content/themes/lilli-by-akira-back/page.php on line 8
[02-Dec-2024 13:40:26 UTC] PHP Warning:  Undefined array key "theme" in /var/www/html/wp-content/themes/lilli-by-akira-back/page.php on line 9
[02-Dec-2024 13:40:26 UTC] PHP Warning:  Trying to access array offset on value of type null in /var/www/html/wp-content/themes/lilli-by-akira-back/page.php on line 9
[02-Dec-2024 13:40:26 UTC] PHP Warning:  Undefined array key "theme" in /var/www/html/wp-content/themes/lilli-by-akira-back/page.php on line 10
[02-Dec-2024 13:40:26 UTC] PHP Warning:  Trying to access array offset on value of type null in /var/www/html/wp-content/themes/lilli-by-akira-back/page.php on line 10
[02-Dec-2024 13:40:55 UTC] PHP Warning:  Undefined array key "theme" in /var/www/html/wp-content/themes/lilli-by-akira-back/page.php on line 7
[02-Dec-2024 13:40:55 UTC] PHP Warning:  Trying to access array offset on value of type null in /var/www/html/wp-content/themes/lilli-by-akira-back/page.php on line 7
[02-Dec-2024 13:40:55 UTC] PHP Warning:  Undefined array key "theme" in /var/www/html/wp-content/themes/lilli-by-akira-back/page.php on line 8
[02-Dec-2024 13:40:55 UTC] PHP Warning:  Trying to access array offset on value of type null in /var/www/html/wp-content/themes/lilli-by-akira-back/page.php on line 8
[02-Dec-2024 13:40:55 UTC] PHP Warning:  Undefined array key "theme" in /var/www/html/wp-content/themes/lilli-by-akira-back/page.php on line 9
[02-Dec-2024 13:40:55 UTC] PHP Warning:  Trying to access array offset on value of type null in /var/www/html/wp-content/themes/lilli-by-akira-back/page.php on line 9
[02-Dec-2024 13:40:55 UTC] PHP Warning:  Undefined array key "theme" in /var/www/html/wp-content/themes/lilli-by-akira-back/page.php on line 10
[02-Dec-2024 13:40:55 UTC] PHP Warning:  Trying to access array offset on value of type null in /var/www/html/wp-content/themes/lilli-by-akira-back/page.php on line 10
[02-Dec-2024 13:46:43 UTC] PHP Warning:  Undefined array key "theme" in /var/www/html/wp-content/themes/lilli-by-akira-back/page.php on line 7
[02-Dec-2024 13:46:43 UTC] PHP Warning:  Trying to access array offset on value of type null in /var/www/html/wp-content/themes/lilli-by-akira-back/page.php on line 7
[02-Dec-2024 13:46:43 UTC] PHP Warning:  Undefined array key "theme" in /var/www/html/wp-content/themes/lilli-by-akira-back/page.php on line 8
[02-Dec-2024 13:46:43 UTC] PHP Warning:  Trying to access array offset on value of type null in /var/www/html/wp-content/themes/lilli-by-akira-back/page.php on line 8
[02-Dec-2024 13:46:43 UTC] PHP Warning:  Undefined array key "theme" in /var/www/html/wp-content/themes/lilli-by-akira-back/page.php on line 9
[02-Dec-2024 13:46:43 UTC] PHP Warning:  Trying to access array offset on value of type null in /var/www/html/wp-content/themes/lilli-by-akira-back/page.php on line 9
[02-Dec-2024 13:46:43 UTC] PHP Warning:  Undefined array key "theme" in /var/www/html/wp-content/themes/lilli-by-akira-back/page.php on line 10
[02-Dec-2024 13:46:43 UTC] PHP Warning:  Trying to access array offset on value of type null in /var/www/html/wp-content/themes/lilli-by-akira-back/page.php on line 10
[02-Dec-2024 13:50:12 UTC] PHP Warning:  Undefined variable $bg_shade in /var/www/html/wp-content/themes/lilli-by-akira-back/blocks/_block_components/component_color_bg.php on line 8
[02-Dec-2024 13:50:12 UTC] PHP Warning:  Undefined variable $bg_shade in /var/www/html/wp-content/themes/lilli-by-akira-back/blocks/_block_components/component_color_bg.php on line 10
[02-Dec-2024 13:50:20 UTC] PHP Warning:  Undefined variable $bg_shade in /var/www/html/wp-content/themes/lilli-by-akira-back/blocks/_block_components/component_color_bg.php on line 8
[02-Dec-2024 13:50:20 UTC] PHP Warning:  Undefined variable $bg_shade in /var/www/html/wp-content/themes/lilli-by-akira-back/blocks/_block_components/component_color_bg.php on line 10
[02-Dec-2024 13:50:21 UTC] PHP Warning:  Undefined variable $bg_shade in /var/www/html/wp-content/themes/lilli-by-akira-back/blocks/_block_components/component_color_bg.php on line 8
[02-Dec-2024 13:50:21 UTC] PHP Warning:  Undefined variable $bg_shade in /var/www/html/wp-content/themes/lilli-by-akira-back/blocks/_block_components/component_color_bg.php on line 10
[02-Dec-2024 13:50:22 UTC] PHP Warning:  Undefined variable $bg_shade in /var/www/html/wp-content/themes/lilli-by-akira-back/blocks/_block_components/component_color_bg.php on line 8
[02-Dec-2024 13:50:22 UTC] PHP Warning:  Undefined variable $bg_shade in /var/www/html/wp-content/themes/lilli-by-akira-back/blocks/_block_components/component_color_bg.php on line 10
[02-Dec-2024 13:50:25 UTC] PHP Warning:  Undefined variable $bg_shade in /var/www/html/wp-content/themes/lilli-by-akira-back/blocks/_block_components/component_color_bg.php on line 8
[02-Dec-2024 13:50:25 UTC] PHP Warning:  Undefined variable $bg_shade in /var/www/html/wp-content/themes/lilli-by-akira-back/blocks/_block_components/component_color_bg.php on line 10
[02-Dec-2024 13:50:26 UTC] PHP Warning:  Undefined variable $bg_shade in /var/www/html/wp-content/themes/lilli-by-akira-back/blocks/_block_components/component_color_bg.php on line 8
[02-Dec-2024 13:50:26 UTC] PHP Warning:  Undefined variable $bg_shade in /var/www/html/wp-content/themes/lilli-by-akira-back/blocks/_block_components/component_color_bg.php on line 10
[02-Dec-2024 13:50:28 UTC] PHP Warning:  Undefined array key "theme" in /var/www/html/wp-content/themes/lilli-by-akira-back/page.php on line 7
[02-Dec-2024 13:50:28 UTC] PHP Warning:  Trying to access array offset on value of type null in /var/www/html/wp-content/themes/lilli-by-akira-back/page.php on line 7
[02-Dec-2024 13:50:28 UTC] PHP Warning:  Undefined array key "theme" in /var/www/html/wp-content/themes/lilli-by-akira-back/page.php on line 8
[02-Dec-2024 13:50:28 UTC] PHP Warning:  Trying to access array offset on value of type null in /var/www/html/wp-content/themes/lilli-by-akira-back/page.php on line 8
[02-Dec-2024 13:50:28 UTC] PHP Warning:  Undefined array key "theme" in /var/www/html/wp-content/themes/lilli-by-akira-back/page.php on line 9
[02-Dec-2024 13:50:28 UTC] PHP Warning:  Trying to access array offset on value of type null in /var/www/html/wp-content/themes/lilli-by-akira-back/page.php on line 9
[02-Dec-2024 13:50:28 UTC] PHP Warning:  Undefined array key "theme" in /var/www/html/wp-content/themes/lilli-by-akira-back/page.php on line 10
[02-Dec-2024 13:50:28 UTC] PHP Warning:  Trying to access array offset on value of type null in /var/www/html/wp-content/themes/lilli-by-akira-back/page.php on line 10
[02-Dec-2024 13:50:28 UTC] PHP Warning:  Undefined variable $bg_shade in /var/www/html/wp-content/themes/lilli-by-akira-back/blocks/_block_components/component_color_bg.php on line 8
[02-Dec-2024 13:50:28 UTC] PHP Warning:  Undefined variable $bg_shade in /var/www/html/wp-content/themes/lilli-by-akira-back/blocks/_block_components/component_color_bg.php on line 10
[02-Dec-2024 13:51:14 UTC] PHP Warning:  Undefined array key "theme" in /var/www/html/wp-content/themes/lilli-by-akira-back/page.php on line 7
[02-Dec-2024 13:51:14 UTC] PHP Warning:  Trying to access array offset on value of type null in /var/www/html/wp-content/themes/lilli-by-akira-back/page.php on line 7
[02-Dec-2024 13:51:14 UTC] PHP Warning:  Undefined array key "theme" in /var/www/html/wp-content/themes/lilli-by-akira-back/page.php on line 8
[02-Dec-2024 13:51:14 UTC] PHP Warning:  Trying to access array offset on value of type null in /var/www/html/wp-content/themes/lilli-by-akira-back/page.php on line 8
[02-Dec-2024 13:51:14 UTC] PHP Warning:  Undefined array key "theme" in /var/www/html/wp-content/themes/lilli-by-akira-back/page.php on line 9
[02-Dec-2024 13:51:14 UTC] PHP Warning:  Trying to access array offset on value of type null in /var/www/html/wp-content/themes/lilli-by-akira-back/page.php on line 9
[02-Dec-2024 13:51:14 UTC] PHP Warning:  Undefined array key "theme" in /var/www/html/wp-content/themes/lilli-by-akira-back/page.php on line 10
[02-Dec-2024 13:51:14 UTC] PHP Warning:  Trying to access array offset on value of type null in /var/www/html/wp-content/themes/lilli-by-akira-back/page.php on line 10
[02-Dec-2024 13:51:14 UTC] PHP Warning:  Undefined variable $bg_shade in /var/www/html/wp-content/themes/lilli-by-akira-back/blocks/_block_components/component_color_bg.php on line 8
[02-Dec-2024 13:51:14 UTC] PHP Warning:  Undefined variable $bg_shade in /var/www/html/wp-content/themes/lilli-by-akira-back/blocks/_block_components/component_color_bg.php on line 13
[02-Dec-2024 13:51:55 UTC] PHP Warning:  Undefined array key "theme" in /var/www/html/wp-content/themes/lilli-by-akira-back/page.php on line 7
[02-Dec-2024 13:51:55 UTC] PHP Warning:  Trying to access array offset on value of type null in /var/www/html/wp-content/themes/lilli-by-akira-back/page.php on line 7
[02-Dec-2024 13:51:55 UTC] PHP Warning:  Undefined array key "theme" in /var/www/html/wp-content/themes/lilli-by-akira-back/page.php on line 8
[02-Dec-2024 13:51:55 UTC] PHP Warning:  Trying to access array offset on value of type null in /var/www/html/wp-content/themes/lilli-by-akira-back/page.php on line 8
[02-Dec-2024 13:51:55 UTC] PHP Warning:  Undefined array key "theme" in /var/www/html/wp-content/themes/lilli-by-akira-back/page.php on line 9
[02-Dec-2024 13:51:55 UTC] PHP Warning:  Trying to access array offset on value of type null in /var/www/html/wp-content/themes/lilli-by-akira-back/page.php on line 9
[02-Dec-2024 13:51:55 UTC] PHP Warning:  Undefined array key "theme" in /var/www/html/wp-content/themes/lilli-by-akira-back/page.php on line 10
[02-Dec-2024 13:51:55 UTC] PHP Warning:  Trying to access array offset on value of type null in /var/www/html/wp-content/themes/lilli-by-akira-back/page.php on line 10
[02-Dec-2024 13:51:55 UTC] PHP Warning:  Undefined variable $bg_shade in /var/www/html/wp-content/themes/lilli-by-akira-back/blocks/_block_components/component_color_bg.php on line 8
[02-Dec-2024 13:51:55 UTC] PHP Warning:  Undefined variable $bgShadeField in /var/www/html/wp-content/themes/lilli-by-akira-back/blocks/_block_components/component_color_bg.php on line 10
[02-Dec-2024 13:51:55 UTC] PHP Warning:  Undefined variable $bg_shade in /var/www/html/wp-content/themes/lilli-by-akira-back/blocks/_block_components/component_color_bg.php on line 13
[02-Dec-2024 13:52:04 UTC] PHP Warning:  Undefined array key "theme" in /var/www/html/wp-content/themes/lilli-by-akira-back/page.php on line 7
[02-Dec-2024 13:52:04 UTC] PHP Warning:  Trying to access array offset on value of type null in /var/www/html/wp-content/themes/lilli-by-akira-back/page.php on line 7
[02-Dec-2024 13:52:04 UTC] PHP Warning:  Undefined array key "theme" in /var/www/html/wp-content/themes/lilli-by-akira-back/page.php on line 8
[02-Dec-2024 13:52:04 UTC] PHP Warning:  Trying to access array offset on value of type null in /var/www/html/wp-content/themes/lilli-by-akira-back/page.php on line 8
[02-Dec-2024 13:52:04 UTC] PHP Warning:  Undefined array key "theme" in /var/www/html/wp-content/themes/lilli-by-akira-back/page.php on line 9
[02-Dec-2024 13:52:04 UTC] PHP Warning:  Trying to access array offset on value of type null in /var/www/html/wp-content/themes/lilli-by-akira-back/page.php on line 9
[02-Dec-2024 13:52:04 UTC] PHP Warning:  Undefined array key "theme" in /var/www/html/wp-content/themes/lilli-by-akira-back/page.php on line 10
[02-Dec-2024 13:52:04 UTC] PHP Warning:  Trying to access array offset on value of type null in /var/www/html/wp-content/themes/lilli-by-akira-back/page.php on line 10
[02-Dec-2024 13:52:04 UTC] PHP Warning:  Undefined variable $bg_shade in /var/www/html/wp-content/themes/lilli-by-akira-back/blocks/_block_components/component_color_bg.php on line 8
[02-Dec-2024 13:52:04 UTC] PHP Warning:  Undefined variable $bg_shade in /var/www/html/wp-content/themes/lilli-by-akira-back/blocks/_block_components/component_color_bg.php on line 13
[02-Dec-2024 13:54:06 UTC] PHP Warning:  Undefined array key "theme" in /var/www/html/wp-content/themes/lilli-by-akira-back/page.php on line 7
[02-Dec-2024 13:54:06 UTC] PHP Warning:  Trying to access array offset on value of type null in /var/www/html/wp-content/themes/lilli-by-akira-back/page.php on line 7
[02-Dec-2024 13:54:06 UTC] PHP Warning:  Undefined array key "theme" in /var/www/html/wp-content/themes/lilli-by-akira-back/page.php on line 8
[02-Dec-2024 13:54:06 UTC] PHP Warning:  Trying to access array offset on value of type null in /var/www/html/wp-content/themes/lilli-by-akira-back/page.php on line 8
[02-Dec-2024 13:54:06 UTC] PHP Warning:  Undefined array key "theme" in /var/www/html/wp-content/themes/lilli-by-akira-back/page.php on line 9
[02-Dec-2024 13:54:06 UTC] PHP Warning:  Trying to access array offset on value of type null in /var/www/html/wp-content/themes/lilli-by-akira-back/page.php on line 9
[02-Dec-2024 13:54:06 UTC] PHP Warning:  Undefined array key "theme" in /var/www/html/wp-content/themes/lilli-by-akira-back/page.php on line 10
[02-Dec-2024 13:54:06 UTC] PHP Warning:  Trying to access array offset on value of type null in /var/www/html/wp-content/themes/lilli-by-akira-back/page.php on line 10
[02-Dec-2024 13:54:06 UTC] PHP Warning:  Undefined variable $bg_shade in /var/www/html/wp-content/themes/lilli-by-akira-back/blocks/_block_components/component_color_bg.php on line 8
[02-Dec-2024 13:54:06 UTC] PHP Warning:  Undefined variable $bg_shade in /var/www/html/wp-content/themes/lilli-by-akira-back/blocks/_block_components/component_color_bg.php on line 13
[02-Dec-2024 13:57:12 UTC] PHP Warning:  Undefined array key "theme" in /var/www/html/wp-content/themes/lilli-by-akira-back/page.php on line 7
[02-Dec-2024 13:57:12 UTC] PHP Warning:  Trying to access array offset on value of type null in /var/www/html/wp-content/themes/lilli-by-akira-back/page.php on line 7
[02-Dec-2024 13:57:12 UTC] PHP Warning:  Undefined array key "theme" in /var/www/html/wp-content/themes/lilli-by-akira-back/page.php on line 8
[02-Dec-2024 13:57:12 UTC] PHP Warning:  Trying to access array offset on value of type null in /var/www/html/wp-content/themes/lilli-by-akira-back/page.php on line 8
[02-Dec-2024 13:57:12 UTC] PHP Warning:  Undefined array key "theme" in /var/www/html/wp-content/themes/lilli-by-akira-back/page.php on line 9
[02-Dec-2024 13:57:12 UTC] PHP Warning:  Trying to access array offset on value of type null in /var/www/html/wp-content/themes/lilli-by-akira-back/page.php on line 9
[02-Dec-2024 13:57:12 UTC] PHP Warning:  Undefined array key "theme" in /var/www/html/wp-content/themes/lilli-by-akira-back/page.php on line 10
[02-Dec-2024 13:57:12 UTC] PHP Warning:  Trying to access array offset on value of type null in /var/www/html/wp-content/themes/lilli-by-akira-back/page.php on line 10
[02-Dec-2024 13:57:12 UTC] PHP Warning:  Undefined variable $bg_shade in /var/www/html/wp-content/themes/lilli-by-akira-back/blocks/_block_components/component_color_bg.php on line 8
[02-Dec-2024 13:57:12 UTC] PHP Warning:  Undefined variable $bg_shade in /var/www/html/wp-content/themes/lilli-by-akira-back/blocks/_block_components/component_color_bg.php on line 13
[02-Dec-2024 13:57:30 UTC] PHP Warning:  Undefined array key "theme" in /var/www/html/wp-content/themes/lilli-by-akira-back/page.php on line 7
[02-Dec-2024 13:57:30 UTC] PHP Warning:  Trying to access array offset on value of type null in /var/www/html/wp-content/themes/lilli-by-akira-back/page.php on line 7
[02-Dec-2024 13:57:30 UTC] PHP Warning:  Undefined array key "theme" in /var/www/html/wp-content/themes/lilli-by-akira-back/page.php on line 8
[02-Dec-2024 13:57:30 UTC] PHP Warning:  Trying to access array offset on value of type null in /var/www/html/wp-content/themes/lilli-by-akira-back/page.php on line 8
[02-Dec-2024 13:57:30 UTC] PHP Warning:  Undefined array key "theme" in /var/www/html/wp-content/themes/lilli-by-akira-back/page.php on line 9
[02-Dec-2024 13:57:30 UTC] PHP Warning:  Trying to access array offset on value of type null in /var/www/html/wp-content/themes/lilli-by-akira-back/page.php on line 9
[02-Dec-2024 13:57:30 UTC] PHP Warning:  Undefined array key "theme" in /var/www/html/wp-content/themes/lilli-by-akira-back/page.php on line 10
[02-Dec-2024 13:57:30 UTC] PHP Warning:  Trying to access array offset on value of type null in /var/www/html/wp-content/themes/lilli-by-akira-back/page.php on line 10
[02-Dec-2024 13:57:30 UTC] PHP Warning:  Undefined variable $bg_shade in /var/www/html/wp-content/themes/lilli-by-akira-back/blocks/_block_components/component_color_bg.php on line 8
[02-Dec-2024 13:57:30 UTC] PHP Warning:  Undefined variable $bg_shade in /var/www/html/wp-content/themes/lilli-by-akira-back/blocks/_block_components/component_color_bg.php on line 14
[02-Dec-2024 13:58:02 UTC] PHP Warning:  Undefined array key "theme" in /var/www/html/wp-content/themes/lilli-by-akira-back/page.php on line 7
[02-Dec-2024 13:58:02 UTC] PHP Warning:  Trying to access array offset on value of type null in /var/www/html/wp-content/themes/lilli-by-akira-back/page.php on line 7
[02-Dec-2024 13:58:02 UTC] PHP Warning:  Undefined array key "theme" in /var/www/html/wp-content/themes/lilli-by-akira-back/page.php on line 8
[02-Dec-2024 13:58:02 UTC] PHP Warning:  Trying to access array offset on value of type null in /var/www/html/wp-content/themes/lilli-by-akira-back/page.php on line 8
[02-Dec-2024 13:58:02 UTC] PHP Warning:  Undefined array key "theme" in /var/www/html/wp-content/themes/lilli-by-akira-back/page.php on line 9
[02-Dec-2024 13:58:02 UTC] PHP Warning:  Trying to access array offset on value of type null in /var/www/html/wp-content/themes/lilli-by-akira-back/page.php on line 9
[02-Dec-2024 13:58:02 UTC] PHP Warning:  Undefined array key "theme" in /var/www/html/wp-content/themes/lilli-by-akira-back/page.php on line 10
[02-Dec-2024 13:58:02 UTC] PHP Warning:  Trying to access array offset on value of type null in /var/www/html/wp-content/themes/lilli-by-akira-back/page.php on line 10
[02-Dec-2024 13:58:02 UTC] PHP Warning:  Undefined variable $bg_shade in /var/www/html/wp-content/themes/lilli-by-akira-back/blocks/_block_components/component_color_bg.php on line 8
[02-Dec-2024 13:58:02 UTC] PHP Warning:  Undefined variable $bg_shade in /var/www/html/wp-content/themes/lilli-by-akira-back/blocks/_block_components/component_color_bg.php on line 15
[02-Dec-2024 13:59:04 UTC] PHP Warning:  Undefined array key "theme" in /var/www/html/wp-content/themes/lilli-by-akira-back/page.php on line 7
[02-Dec-2024 13:59:04 UTC] PHP Warning:  Trying to access array offset on value of type null in /var/www/html/wp-content/themes/lilli-by-akira-back/page.php on line 7
[02-Dec-2024 13:59:04 UTC] PHP Warning:  Undefined array key "theme" in /var/www/html/wp-content/themes/lilli-by-akira-back/page.php on line 8
[02-Dec-2024 13:59:04 UTC] PHP Warning:  Trying to access array offset on value of type null in /var/www/html/wp-content/themes/lilli-by-akira-back/page.php on line 8
[02-Dec-2024 13:59:04 UTC] PHP Warning:  Undefined array key "theme" in /var/www/html/wp-content/themes/lilli-by-akira-back/page.php on line 9
[02-Dec-2024 13:59:04 UTC] PHP Warning:  Trying to access array offset on value of type null in /var/www/html/wp-content/themes/lilli-by-akira-back/page.php on line 9
[02-Dec-2024 13:59:04 UTC] PHP Warning:  Undefined array key "theme" in /var/www/html/wp-content/themes/lilli-by-akira-back/page.php on line 10
[02-Dec-2024 13:59:04 UTC] PHP Warning:  Trying to access array offset on value of type null in /var/www/html/wp-content/themes/lilli-by-akira-back/page.php on line 10
[02-Dec-2024 13:59:04 UTC] PHP Warning:  Undefined variable $bg_shade in /var/www/html/wp-content/themes/lilli-by-akira-back/blocks/_block_components/component_color_bg.php on line 8
[02-Dec-2024 13:59:04 UTC] PHP Warning:  Undefined variable $bg_shade in /var/www/html/wp-content/themes/lilli-by-akira-back/blocks/_block_components/component_color_bg.php on line 15
[02-Dec-2024 13:59:15 UTC] PHP Warning:  Undefined array key "theme" in /var/www/html/wp-content/themes/lilli-by-akira-back/page.php on line 7
[02-Dec-2024 13:59:15 UTC] PHP Warning:  Trying to access array offset on value of type null in /var/www/html/wp-content/themes/lilli-by-akira-back/page.php on line 7
[02-Dec-2024 13:59:15 UTC] PHP Warning:  Undefined array key "theme" in /var/www/html/wp-content/themes/lilli-by-akira-back/page.php on line 8
[02-Dec-2024 13:59:15 UTC] PHP Warning:  Trying to access array offset on value of type null in /var/www/html/wp-content/themes/lilli-by-akira-back/page.php on line 8
[02-Dec-2024 13:59:15 UTC] PHP Warning:  Undefined array key "theme" in /var/www/html/wp-content/themes/lilli-by-akira-back/page.php on line 9
[02-Dec-2024 13:59:15 UTC] PHP Warning:  Trying to access array offset on value of type null in /var/www/html/wp-content/themes/lilli-by-akira-back/page.php on line 9
[02-Dec-2024 13:59:15 UTC] PHP Warning:  Undefined array key "theme" in /var/www/html/wp-content/themes/lilli-by-akira-back/page.php on line 10
[02-Dec-2024 13:59:15 UTC] PHP Warning:  Trying to access array offset on value of type null in /var/www/html/wp-content/themes/lilli-by-akira-back/page.php on line 10
[02-Dec-2024 13:59:15 UTC] PHP Warning:  Undefined variable $bg_shade in /var/www/html/wp-content/themes/lilli-by-akira-back/blocks/_block_components/component_color_bg.php on line 8
[02-Dec-2024 13:59:15 UTC] PHP Warning:  Undefined variable $bg_shade in /var/www/html/wp-content/themes/lilli-by-akira-back/blocks/_block_components/component_color_bg.php on line 11
[02-Dec-2024 13:59:28 UTC] PHP Warning:  Undefined variable $bg_shade in /var/www/html/wp-content/themes/lilli-by-akira-back/blocks/_block_components/component_color_bg.php on line 8
[02-Dec-2024 13:59:28 UTC] PHP Warning:  Undefined variable $bg_shade in /var/www/html/wp-content/themes/lilli-by-akira-back/blocks/_block_components/component_color_bg.php on line 11
[02-Dec-2024 13:59:37 UTC] PHP Warning:  Undefined variable $bg_shade in /var/www/html/wp-content/themes/lilli-by-akira-back/blocks/_block_components/component_color_bg.php on line 8
[02-Dec-2024 13:59:37 UTC] PHP Warning:  Undefined variable $bg_shade in /var/www/html/wp-content/themes/lilli-by-akira-back/blocks/_block_components/component_color_bg.php on line 11
[02-Dec-2024 13:59:40 UTC] PHP Warning:  Undefined variable $bg_shade in /var/www/html/wp-content/themes/lilli-by-akira-back/blocks/_block_components/component_color_bg.php on line 8
[02-Dec-2024 13:59:40 UTC] PHP Warning:  Undefined variable $bg_shade in /var/www/html/wp-content/themes/lilli-by-akira-back/blocks/_block_components/component_color_bg.php on line 11
[02-Dec-2024 13:59:41 UTC] PHP Warning:  Undefined variable $bg_shade in /var/www/html/wp-content/themes/lilli-by-akira-back/blocks/_block_components/component_color_bg.php on line 8
[02-Dec-2024 13:59:41 UTC] PHP Warning:  Undefined variable $bg_shade in /var/www/html/wp-content/themes/lilli-by-akira-back/blocks/_block_components/component_color_bg.php on line 11
[02-Dec-2024 13:59:44 UTC] PHP Warning:  Undefined variable $bg_shade in /var/www/html/wp-content/themes/lilli-by-akira-back/blocks/_block_components/component_color_bg.php on line 8
[02-Dec-2024 13:59:44 UTC] PHP Warning:  Undefined variable $bg_shade in /var/www/html/wp-content/themes/lilli-by-akira-back/blocks/_block_components/component_color_bg.php on line 11
[02-Dec-2024 13:59:45 UTC] PHP Warning:  Undefined variable $bg_shade in /var/www/html/wp-content/themes/lilli-by-akira-back/blocks/_block_components/component_color_bg.php on line 8
[02-Dec-2024 13:59:45 UTC] PHP Warning:  Undefined variable $bg_shade in /var/www/html/wp-content/themes/lilli-by-akira-back/blocks/_block_components/component_color_bg.php on line 11
[02-Dec-2024 13:59:49 UTC] PHP Warning:  Undefined array key "theme" in /var/www/html/wp-content/themes/lilli-by-akira-back/page.php on line 7
[02-Dec-2024 13:59:49 UTC] PHP Warning:  Trying to access array offset on value of type null in /var/www/html/wp-content/themes/lilli-by-akira-back/page.php on line 7
[02-Dec-2024 13:59:49 UTC] PHP Warning:  Undefined array key "theme" in /var/www/html/wp-content/themes/lilli-by-akira-back/page.php on line 8
[02-Dec-2024 13:59:49 UTC] PHP Warning:  Trying to access array offset on value of type null in /var/www/html/wp-content/themes/lilli-by-akira-back/page.php on line 8
[02-Dec-2024 13:59:49 UTC] PHP Warning:  Undefined array key "theme" in /var/www/html/wp-content/themes/lilli-by-akira-back/page.php on line 9
[02-Dec-2024 13:59:49 UTC] PHP Warning:  Trying to access array offset on value of type null in /var/www/html/wp-content/themes/lilli-by-akira-back/page.php on line 9
[02-Dec-2024 13:59:49 UTC] PHP Warning:  Undefined array key "theme" in /var/www/html/wp-content/themes/lilli-by-akira-back/page.php on line 10
[02-Dec-2024 13:59:49 UTC] PHP Warning:  Trying to access array offset on value of type null in /var/www/html/wp-content/themes/lilli-by-akira-back/page.php on line 10
[02-Dec-2024 13:59:49 UTC] PHP Warning:  Undefined variable $bg_shade in /var/www/html/wp-content/themes/lilli-by-akira-back/blocks/_block_components/component_color_bg.php on line 8
[02-Dec-2024 13:59:49 UTC] PHP Warning:  Undefined variable $bg_shade in /var/www/html/wp-content/themes/lilli-by-akira-back/blocks/_block_components/component_color_bg.php on line 11
[02-Dec-2024 14:00:11 UTC] PHP Warning:  Undefined array key "theme" in /var/www/html/wp-content/themes/lilli-by-akira-back/page.php on line 7
[02-Dec-2024 14:00:11 UTC] PHP Warning:  Trying to access array offset on value of type null in /var/www/html/wp-content/themes/lilli-by-akira-back/page.php on line 7
[02-Dec-2024 14:00:11 UTC] PHP Warning:  Undefined array key "theme" in /var/www/html/wp-content/themes/lilli-by-akira-back/page.php on line 8
[02-Dec-2024 14:00:11 UTC] PHP Warning:  Trying to access array offset on value of type null in /var/www/html/wp-content/themes/lilli-by-akira-back/page.php on line 8
[02-Dec-2024 14:00:11 UTC] PHP Warning:  Undefined array key "theme" in /var/www/html/wp-content/themes/lilli-by-akira-back/page.php on line 9
[02-Dec-2024 14:00:11 UTC] PHP Warning:  Trying to access array offset on value of type null in /var/www/html/wp-content/themes/lilli-by-akira-back/page.php on line 9
[02-Dec-2024 14:00:11 UTC] PHP Warning:  Undefined array key "theme" in /var/www/html/wp-content/themes/lilli-by-akira-back/page.php on line 10
[02-Dec-2024 14:00:11 UTC] PHP Warning:  Trying to access array offset on value of type null in /var/www/html/wp-content/themes/lilli-by-akira-back/page.php on line 10
[02-Dec-2024 14:00:11 UTC] PHP Warning:  Undefined variable $bg_shade in /var/www/html/wp-content/themes/lilli-by-akira-back/blocks/_block_components/component_color_bg.php on line 8
[02-Dec-2024 14:00:11 UTC] PHP Warning:  Undefined variable $bg_shade in /var/www/html/wp-content/themes/lilli-by-akira-back/blocks/_block_components/component_color_bg.php on line 11
[02-Dec-2024 14:00:23 UTC] PHP Warning:  Undefined variable $bg_shade in /var/www/html/wp-content/themes/lilli-by-akira-back/blocks/_block_components/component_color_bg.php on line 8
[02-Dec-2024 14:00:23 UTC] PHP Warning:  Undefined variable $bg_shade in /var/www/html/wp-content/themes/lilli-by-akira-back/blocks/_block_components/component_color_bg.php on line 11
[02-Dec-2024 14:00:24 UTC] PHP Warning:  Undefined variable $bg_shade in /var/www/html/wp-content/themes/lilli-by-akira-back/blocks/_block_components/component_color_bg.php on line 8
[02-Dec-2024 14:00:24 UTC] PHP Warning:  Undefined variable $bg_shade in /var/www/html/wp-content/themes/lilli-by-akira-back/blocks/_block_components/component_color_bg.php on line 11
[02-Dec-2024 14:00:27 UTC] PHP Warning:  Undefined array key "theme" in /var/www/html/wp-content/themes/lilli-by-akira-back/page.php on line 7
[02-Dec-2024 14:00:27 UTC] PHP Warning:  Trying to access array offset on value of type null in /var/www/html/wp-content/themes/lilli-by-akira-back/page.php on line 7
[02-Dec-2024 14:00:27 UTC] PHP Warning:  Undefined array key "theme" in /var/www/html/wp-content/themes/lilli-by-akira-back/page.php on line 8
[02-Dec-2024 14:00:27 UTC] PHP Warning:  Trying to access array offset on value of type null in /var/www/html/wp-content/themes/lilli-by-akira-back/page.php on line 8
[02-Dec-2024 14:00:27 UTC] PHP Warning:  Undefined array key "theme" in /var/www/html/wp-content/themes/lilli-by-akira-back/page.php on line 9
[02-Dec-2024 14:00:27 UTC] PHP Warning:  Trying to access array offset on value of type null in /var/www/html/wp-content/themes/lilli-by-akira-back/page.php on line 9
[02-Dec-2024 14:00:27 UTC] PHP Warning:  Undefined array key "theme" in /var/www/html/wp-content/themes/lilli-by-akira-back/page.php on line 10
[02-Dec-2024 14:00:27 UTC] PHP Warning:  Trying to access array offset on value of type null in /var/www/html/wp-content/themes/lilli-by-akira-back/page.php on line 10
[02-Dec-2024 14:00:27 UTC] PHP Warning:  Undefined variable $bg_shade in /var/www/html/wp-content/themes/lilli-by-akira-back/blocks/_block_components/component_color_bg.php on line 8
[02-Dec-2024 14:00:27 UTC] PHP Warning:  Undefined variable $bg_shade in /var/www/html/wp-content/themes/lilli-by-akira-back/blocks/_block_components/component_color_bg.php on line 11
[02-Dec-2024 14:01:03 UTC] PHP Warning:  Undefined array key "theme" in /var/www/html/wp-content/themes/lilli-by-akira-back/page.php on line 7
[02-Dec-2024 14:01:03 UTC] PHP Warning:  Trying to access array offset on value of type null in /var/www/html/wp-content/themes/lilli-by-akira-back/page.php on line 7
[02-Dec-2024 14:01:03 UTC] PHP Warning:  Undefined array key "theme" in /var/www/html/wp-content/themes/lilli-by-akira-back/page.php on line 8
[02-Dec-2024 14:01:03 UTC] PHP Warning:  Trying to access array offset on value of type null in /var/www/html/wp-content/themes/lilli-by-akira-back/page.php on line 8
[02-Dec-2024 14:01:03 UTC] PHP Warning:  Undefined array key "theme" in /var/www/html/wp-content/themes/lilli-by-akira-back/page.php on line 9
[02-Dec-2024 14:01:03 UTC] PHP Warning:  Trying to access array offset on value of type null in /var/www/html/wp-content/themes/lilli-by-akira-back/page.php on line 9
[02-Dec-2024 14:01:03 UTC] PHP Warning:  Undefined array key "theme" in /var/www/html/wp-content/themes/lilli-by-akira-back/page.php on line 10
[02-Dec-2024 14:01:03 UTC] PHP Warning:  Trying to access array offset on value of type null in /var/www/html/wp-content/themes/lilli-by-akira-back/page.php on line 10
[02-Dec-2024 14:01:03 UTC] PHP Warning:  Undefined variable $bg_shade in /var/www/html/wp-content/themes/lilli-by-akira-back/blocks/_block_components/component_color_bg.php on line 10
[02-Dec-2024 14:01:29 UTC] PHP Warning:  Undefined array key "theme" in /var/www/html/wp-content/themes/lilli-by-akira-back/page.php on line 7
[02-Dec-2024 14:01:29 UTC] PHP Warning:  Trying to access array offset on value of type null in /var/www/html/wp-content/themes/lilli-by-akira-back/page.php on line 7
[02-Dec-2024 14:01:30 UTC] PHP Warning:  Undefined array key "theme" in /var/www/html/wp-content/themes/lilli-by-akira-back/page.php on line 8
[02-Dec-2024 14:01:30 UTC] PHP Warning:  Trying to access array offset on value of type null in /var/www/html/wp-content/themes/lilli-by-akira-back/page.php on line 8
[02-Dec-2024 14:01:30 UTC] PHP Warning:  Undefined array key "theme" in /var/www/html/wp-content/themes/lilli-by-akira-back/page.php on line 9
[02-Dec-2024 14:01:30 UTC] PHP Warning:  Trying to access array offset on value of type null in /var/www/html/wp-content/themes/lilli-by-akira-back/page.php on line 9
[02-Dec-2024 14:01:30 UTC] PHP Warning:  Undefined array key "theme" in /var/www/html/wp-content/themes/lilli-by-akira-back/page.php on line 10
[02-Dec-2024 14:01:30 UTC] PHP Warning:  Trying to access array offset on value of type null in /var/www/html/wp-content/themes/lilli-by-akira-back/page.php on line 10
[02-Dec-2024 14:01:30 UTC] PHP Warning:  Undefined variable $bg_shade in /var/www/html/wp-content/themes/lilli-by-akira-back/blocks/_block_components/component_color_bg.php on line 12
[02-Dec-2024 14:02:14 UTC] PHP Warning:  Undefined array key "theme" in /var/www/html/wp-content/themes/lilli-by-akira-back/page.php on line 7
[02-Dec-2024 14:02:14 UTC] PHP Warning:  Trying to access array offset on value of type null in /var/www/html/wp-content/themes/lilli-by-akira-back/page.php on line 7
[02-Dec-2024 14:02:14 UTC] PHP Warning:  Undefined array key "theme" in /var/www/html/wp-content/themes/lilli-by-akira-back/page.php on line 8
[02-Dec-2024 14:02:14 UTC] PHP Warning:  Trying to access array offset on value of type null in /var/www/html/wp-content/themes/lilli-by-akira-back/page.php on line 8
[02-Dec-2024 14:02:14 UTC] PHP Warning:  Undefined array key "theme" in /var/www/html/wp-content/themes/lilli-by-akira-back/page.php on line 9
[02-Dec-2024 14:02:14 UTC] PHP Warning:  Trying to access array offset on value of type null in /var/www/html/wp-content/themes/lilli-by-akira-back/page.php on line 9
[02-Dec-2024 14:02:14 UTC] PHP Warning:  Undefined array key "theme" in /var/www/html/wp-content/themes/lilli-by-akira-back/page.php on line 10
[02-Dec-2024 14:02:14 UTC] PHP Warning:  Trying to access array offset on value of type null in /var/www/html/wp-content/themes/lilli-by-akira-back/page.php on line 10
[02-Dec-2024 14:02:14 UTC] PHP Warning:  Undefined variable $bg_shade in /var/www/html/wp-content/themes/lilli-by-akira-back/blocks/_block_components/component_color_bg.php on line 10
[02-Dec-2024 14:02:40 UTC] PHP Warning:  Undefined array key "theme" in /var/www/html/wp-content/themes/lilli-by-akira-back/page.php on line 7
[02-Dec-2024 14:02:40 UTC] PHP Warning:  Trying to access array offset on value of type null in /var/www/html/wp-content/themes/lilli-by-akira-back/page.php on line 7
[02-Dec-2024 14:02:40 UTC] PHP Warning:  Undefined array key "theme" in /var/www/html/wp-content/themes/lilli-by-akira-back/page.php on line 8
[02-Dec-2024 14:02:40 UTC] PHP Warning:  Trying to access array offset on value of type null in /var/www/html/wp-content/themes/lilli-by-akira-back/page.php on line 8
[02-Dec-2024 14:02:40 UTC] PHP Warning:  Undefined array key "theme" in /var/www/html/wp-content/themes/lilli-by-akira-back/page.php on line 9
[02-Dec-2024 14:02:40 UTC] PHP Warning:  Trying to access array offset on value of type null in /var/www/html/wp-content/themes/lilli-by-akira-back/page.php on line 9
[02-Dec-2024 14:02:40 UTC] PHP Warning:  Undefined array key "theme" in /var/www/html/wp-content/themes/lilli-by-akira-back/page.php on line 10
[02-Dec-2024 14:02:40 UTC] PHP Warning:  Trying to access array offset on value of type null in /var/www/html/wp-content/themes/lilli-by-akira-back/page.php on line 10
[02-Dec-2024 14:02:40 UTC] PHP Warning:  Undefined variable $bg_shade in /var/www/html/wp-content/themes/lilli-by-akira-back/blocks/_block_components/component_color_bg.php on line 10
[02-Dec-2024 14:03:09 UTC] PHP Warning:  Undefined array key "theme" in /var/www/html/wp-content/themes/lilli-by-akira-back/page.php on line 7
[02-Dec-2024 14:03:09 UTC] PHP Warning:  Trying to access array offset on value of type null in /var/www/html/wp-content/themes/lilli-by-akira-back/page.php on line 7
[02-Dec-2024 14:03:09 UTC] PHP Warning:  Undefined array key "theme" in /var/www/html/wp-content/themes/lilli-by-akira-back/page.php on line 8
[02-Dec-2024 14:03:09 UTC] PHP Warning:  Trying to access array offset on value of type null in /var/www/html/wp-content/themes/lilli-by-akira-back/page.php on line 8
[02-Dec-2024 14:03:09 UTC] PHP Warning:  Undefined array key "theme" in /var/www/html/wp-content/themes/lilli-by-akira-back/page.php on line 9
[02-Dec-2024 14:03:09 UTC] PHP Warning:  Trying to access array offset on value of type null in /var/www/html/wp-content/themes/lilli-by-akira-back/page.php on line 9
[02-Dec-2024 14:03:09 UTC] PHP Warning:  Undefined array key "theme" in /var/www/html/wp-content/themes/lilli-by-akira-back/page.php on line 10
[02-Dec-2024 14:03:09 UTC] PHP Warning:  Trying to access array offset on value of type null in /var/www/html/wp-content/themes/lilli-by-akira-back/page.php on line 10
[02-Dec-2024 14:03:50 UTC] PHP Warning:  Undefined array key "theme" in /var/www/html/wp-content/themes/lilli-by-akira-back/page.php on line 7
[02-Dec-2024 14:03:50 UTC] PHP Warning:  Trying to access array offset on value of type null in /var/www/html/wp-content/themes/lilli-by-akira-back/page.php on line 7
[02-Dec-2024 14:03:50 UTC] PHP Warning:  Undefined array key "theme" in /var/www/html/wp-content/themes/lilli-by-akira-back/page.php on line 8
[02-Dec-2024 14:03:50 UTC] PHP Warning:  Trying to access array offset on value of type null in /var/www/html/wp-content/themes/lilli-by-akira-back/page.php on line 8
[02-Dec-2024 14:03:50 UTC] PHP Warning:  Undefined array key "theme" in /var/www/html/wp-content/themes/lilli-by-akira-back/page.php on line 9
[02-Dec-2024 14:03:50 UTC] PHP Warning:  Trying to access array offset on value of type null in /var/www/html/wp-content/themes/lilli-by-akira-back/page.php on line 9
[02-Dec-2024 14:03:50 UTC] PHP Warning:  Undefined array key "theme" in /var/www/html/wp-content/themes/lilli-by-akira-back/page.php on line 10
[02-Dec-2024 14:03:50 UTC] PHP Warning:  Trying to access array offset on value of type null in /var/www/html/wp-content/themes/lilli-by-akira-back/page.php on line 10
[02-Dec-2024 14:04:02 UTC] PHP Warning:  Undefined array key "theme" in /var/www/html/wp-content/themes/lilli-by-akira-back/page.php on line 7
[02-Dec-2024 14:04:02 UTC] PHP Warning:  Trying to access array offset on value of type null in /var/www/html/wp-content/themes/lilli-by-akira-back/page.php on line 7
[02-Dec-2024 14:04:02 UTC] PHP Warning:  Undefined array key "theme" in /var/www/html/wp-content/themes/lilli-by-akira-back/page.php on line 8
[02-Dec-2024 14:04:02 UTC] PHP Warning:  Trying to access array offset on value of type null in /var/www/html/wp-content/themes/lilli-by-akira-back/page.php on line 8
[02-Dec-2024 14:04:02 UTC] PHP Warning:  Undefined array key "theme" in /var/www/html/wp-content/themes/lilli-by-akira-back/page.php on line 9
[02-Dec-2024 14:04:02 UTC] PHP Warning:  Trying to access array offset on value of type null in /var/www/html/wp-content/themes/lilli-by-akira-back/page.php on line 9
[02-Dec-2024 14:04:02 UTC] PHP Warning:  Undefined array key "theme" in /var/www/html/wp-content/themes/lilli-by-akira-back/page.php on line 10
[02-Dec-2024 14:04:02 UTC] PHP Warning:  Trying to access array offset on value of type null in /var/www/html/wp-content/themes/lilli-by-akira-back/page.php on line 10
[02-Dec-2024 14:09:56 UTC] PHP Warning:  Undefined array key "theme" in /var/www/html/wp-content/themes/lilli-by-akira-back/page.php on line 7
[02-Dec-2024 14:09:56 UTC] PHP Warning:  Trying to access array offset on value of type null in /var/www/html/wp-content/themes/lilli-by-akira-back/page.php on line 7
[02-Dec-2024 14:09:56 UTC] PHP Warning:  Undefined array key "theme" in /var/www/html/wp-content/themes/lilli-by-akira-back/page.php on line 8
[02-Dec-2024 14:09:56 UTC] PHP Warning:  Trying to access array offset on value of type null in /var/www/html/wp-content/themes/lilli-by-akira-back/page.php on line 8
[02-Dec-2024 14:09:56 UTC] PHP Warning:  Undefined array key "theme" in /var/www/html/wp-content/themes/lilli-by-akira-back/page.php on line 9
[02-Dec-2024 14:09:56 UTC] PHP Warning:  Trying to access array offset on value of type null in /var/www/html/wp-content/themes/lilli-by-akira-back/page.php on line 9
[02-Dec-2024 14:09:56 UTC] PHP Warning:  Undefined array key "theme" in /var/www/html/wp-content/themes/lilli-by-akira-back/page.php on line 10
[02-Dec-2024 14:09:56 UTC] PHP Warning:  Trying to access array offset on value of type null in /var/www/html/wp-content/themes/lilli-by-akira-back/page.php on line 10
[02-Dec-2024 14:10:13 UTC] PHP Warning:  Undefined array key "theme" in /var/www/html/wp-content/themes/lilli-by-akira-back/page.php on line 7
[02-Dec-2024 14:10:13 UTC] PHP Warning:  Trying to access array offset on value of type null in /var/www/html/wp-content/themes/lilli-by-akira-back/page.php on line 7
[02-Dec-2024 14:10:13 UTC] PHP Warning:  Undefined array key "theme" in /var/www/html/wp-content/themes/lilli-by-akira-back/page.php on line 8
[02-Dec-2024 14:10:13 UTC] PHP Warning:  Trying to access array offset on value of type null in /var/www/html/wp-content/themes/lilli-by-akira-back/page.php on line 8
[02-Dec-2024 14:10:13 UTC] PHP Warning:  Undefined array key "theme" in /var/www/html/wp-content/themes/lilli-by-akira-back/page.php on line 9
[02-Dec-2024 14:10:13 UTC] PHP Warning:  Trying to access array offset on value of type null in /var/www/html/wp-content/themes/lilli-by-akira-back/page.php on line 9
[02-Dec-2024 14:10:13 UTC] PHP Warning:  Undefined array key "theme" in /var/www/html/wp-content/themes/lilli-by-akira-back/page.php on line 10
[02-Dec-2024 14:10:13 UTC] PHP Warning:  Trying to access array offset on value of type null in /var/www/html/wp-content/themes/lilli-by-akira-back/page.php on line 10
[02-Dec-2024 14:17:05 UTC] PHP Warning:  Undefined array key "theme" in /var/www/html/wp-content/themes/lilli-by-akira-back/page.php on line 7
[02-Dec-2024 14:17:05 UTC] PHP Warning:  Trying to access array offset on value of type null in /var/www/html/wp-content/themes/lilli-by-akira-back/page.php on line 7
[02-Dec-2024 14:17:05 UTC] PHP Warning:  Undefined array key "theme" in /var/www/html/wp-content/themes/lilli-by-akira-back/page.php on line 8
[02-Dec-2024 14:17:05 UTC] PHP Warning:  Trying to access array offset on value of type null in /var/www/html/wp-content/themes/lilli-by-akira-back/page.php on line 8
[02-Dec-2024 14:17:05 UTC] PHP Warning:  Undefined array key "theme" in /var/www/html/wp-content/themes/lilli-by-akira-back/page.php on line 9
[02-Dec-2024 14:17:05 UTC] PHP Warning:  Trying to access array offset on value of type null in /var/www/html/wp-content/themes/lilli-by-akira-back/page.php on line 9
[02-Dec-2024 14:17:05 UTC] PHP Warning:  Undefined array key "theme" in /var/www/html/wp-content/themes/lilli-by-akira-back/page.php on line 10
[02-Dec-2024 14:17:05 UTC] PHP Warning:  Trying to access array offset on value of type null in /var/www/html/wp-content/themes/lilli-by-akira-back/page.php on line 10
[02-Dec-2024 14:17:43 UTC] PHP Warning:  Undefined array key "theme" in /var/www/html/wp-content/themes/lilli-by-akira-back/page.php on line 7
[02-Dec-2024 14:17:43 UTC] PHP Warning:  Trying to access array offset on value of type null in /var/www/html/wp-content/themes/lilli-by-akira-back/page.php on line 7
[02-Dec-2024 14:17:43 UTC] PHP Warning:  Undefined array key "theme" in /var/www/html/wp-content/themes/lilli-by-akira-back/page.php on line 8
[02-Dec-2024 14:17:43 UTC] PHP Warning:  Trying to access array offset on value of type null in /var/www/html/wp-content/themes/lilli-by-akira-back/page.php on line 8
[02-Dec-2024 14:17:43 UTC] PHP Warning:  Undefined array key "theme" in /var/www/html/wp-content/themes/lilli-by-akira-back/page.php on line 9
[02-Dec-2024 14:17:43 UTC] PHP Warning:  Trying to access array offset on value of type null in /var/www/html/wp-content/themes/lilli-by-akira-back/page.php on line 9
[02-Dec-2024 14:17:43 UTC] PHP Warning:  Undefined array key "theme" in /var/www/html/wp-content/themes/lilli-by-akira-back/page.php on line 10
[02-Dec-2024 14:17:43 UTC] PHP Warning:  Trying to access array offset on value of type null in /var/www/html/wp-content/themes/lilli-by-akira-back/page.php on line 10
[02-Dec-2024 14:18:01 UTC] PHP Warning:  Undefined array key "theme" in /var/www/html/wp-content/themes/lilli-by-akira-back/page.php on line 7
[02-Dec-2024 14:18:01 UTC] PHP Warning:  Trying to access array offset on value of type null in /var/www/html/wp-content/themes/lilli-by-akira-back/page.php on line 7
[02-Dec-2024 14:18:01 UTC] PHP Warning:  Undefined array key "theme" in /var/www/html/wp-content/themes/lilli-by-akira-back/page.php on line 8
[02-Dec-2024 14:18:01 UTC] PHP Warning:  Trying to access array offset on value of type null in /var/www/html/wp-content/themes/lilli-by-akira-back/page.php on line 8
[02-Dec-2024 14:18:01 UTC] PHP Warning:  Undefined array key "theme" in /var/www/html/wp-content/themes/lilli-by-akira-back/page.php on line 9
[02-Dec-2024 14:18:01 UTC] PHP Warning:  Trying to access array offset on value of type null in /var/www/html/wp-content/themes/lilli-by-akira-back/page.php on line 9
[02-Dec-2024 14:18:01 UTC] PHP Warning:  Undefined array key "theme" in /var/www/html/wp-content/themes/lilli-by-akira-back/page.php on line 10
[02-Dec-2024 14:18:01 UTC] PHP Warning:  Trying to access array offset on value of type null in /var/www/html/wp-content/themes/lilli-by-akira-back/page.php on line 10
[02-Dec-2024 14:36:35 UTC] PHP Fatal error:  Cannot redeclare set_color_bg_values() (previously declared in /var/www/html/wp-content/themes/lilli-by-akira-back/blocks/_block_components/component_colors.php:6) in /var/www/html/wp-content/themes/lilli-by-akira-back/blocks/_block_components/component_color_bg.php on line 6
[02-Dec-2024 14:36:35 UTC] PHP Fatal error:  Cannot redeclare set_color_bg_values() (previously declared in /var/www/html/wp-content/themes/lilli-by-akira-back/blocks/_block_components/component_colors.php:6) in /var/www/html/wp-content/themes/lilli-by-akira-back/blocks/_block_components/component_color_bg.php on line 6
[02-Dec-2024 14:38:35 UTC] PHP Fatal error:  Cannot redeclare set_color_bg_values() (previously declared in /var/www/html/wp-content/themes/lilli-by-akira-back/blocks/_block_components/component_colors.php:6) in /var/www/html/wp-content/themes/lilli-by-akira-back/blocks/_block_components/component_color_bg.php on line 6
[02-Dec-2024 14:38:36 UTC] PHP Fatal error:  Cannot redeclare set_color_bg_values() (previously declared in /var/www/html/wp-content/themes/lilli-by-akira-back/blocks/_block_components/component_colors.php:6) in /var/www/html/wp-content/themes/lilli-by-akira-back/blocks/_block_components/component_color_bg.php on line 6
[02-Dec-2024 14:40:35 UTC] PHP Fatal error:  Cannot redeclare set_color_theme_values() (previously declared in /var/www/html/wp-content/themes/lilli-by-akira-back/blocks/_block_components/component_colors.php:38) in /var/www/html/wp-content/themes/lilli-by-akira-back/blocks/_block_components/component_color_theme.php on line 5
[02-Dec-2024 14:40:37 UTC] PHP Fatal error:  Cannot redeclare set_color_theme_values() (previously declared in /var/www/html/wp-content/themes/lilli-by-akira-back/blocks/_block_components/component_colors.php:38) in /var/www/html/wp-content/themes/lilli-by-akira-back/blocks/_block_components/component_color_theme.php on line 5
[02-Dec-2024 14:42:35 UTC] PHP Fatal error:  Cannot redeclare set_color_theme_values() (previously declared in /var/www/html/wp-content/themes/lilli-by-akira-back/blocks/_block_components/component_colors.php:38) in /var/www/html/wp-content/themes/lilli-by-akira-back/blocks/_block_components/component_color_theme.php on line 5
[02-Dec-2024 14:42:38 UTC] PHP Fatal error:  Cannot redeclare set_color_theme_values() (previously declared in /var/www/html/wp-content/themes/lilli-by-akira-back/blocks/_block_components/component_colors.php:38) in /var/www/html/wp-content/themes/lilli-by-akira-back/blocks/_block_components/component_color_theme.php on line 5
[02-Dec-2024 14:44:35 UTC] PHP Fatal error:  Cannot redeclare set_color_theme_values() (previously declared in /var/www/html/wp-content/themes/lilli-by-akira-back/blocks/_block_components/component_colors.php:41) in /var/www/html/wp-content/themes/lilli-by-akira-back/blocks/_block_components/component_color_theme.php on line 5
[02-Dec-2024 14:44:39 UTC] PHP Fatal error:  Cannot redeclare set_color_theme_values() (previously declared in /var/www/html/wp-content/themes/lilli-by-akira-back/blocks/_block_components/component_colors.php:41) in /var/www/html/wp-content/themes/lilli-by-akira-back/blocks/_block_components/component_color_theme.php on line 5
[02-Dec-2024 14:46:35 UTC] PHP Fatal error:  Cannot redeclare set_color_theme_values() (previously declared in /var/www/html/wp-content/themes/lilli-by-akira-back/blocks/_block_components/component_colors.php:41) in /var/www/html/wp-content/themes/lilli-by-akira-back/blocks/_block_components/component_color_theme.php on line 5
[02-Dec-2024 14:46:40 UTC] PHP Fatal error:  Cannot redeclare set_color_theme_values() (previously declared in /var/www/html/wp-content/themes/lilli-by-akira-back/blocks/_block_components/component_colors.php:41) in /var/www/html/wp-content/themes/lilli-by-akira-back/blocks/_block_components/component_color_theme.php on line 5
[02-Dec-2024 14:48:14 UTC] PHP Warning:  Undefined array key "theme" in /var/www/html/wp-content/themes/lilli-by-akira-back/page.php on line 7
[02-Dec-2024 14:48:14 UTC] PHP Warning:  Trying to access array offset on value of type null in /var/www/html/wp-content/themes/lilli-by-akira-back/page.php on line 7
[02-Dec-2024 14:48:14 UTC] PHP Warning:  Undefined array key "theme" in /var/www/html/wp-content/themes/lilli-by-akira-back/page.php on line 8
[02-Dec-2024 14:48:14 UTC] PHP Warning:  Trying to access array offset on value of type null in /var/www/html/wp-content/themes/lilli-by-akira-back/page.php on line 8
[02-Dec-2024 14:48:14 UTC] PHP Warning:  Undefined array key "theme" in /var/www/html/wp-content/themes/lilli-by-akira-back/page.php on line 9
[02-Dec-2024 14:48:14 UTC] PHP Warning:  Trying to access array offset on value of type null in /var/www/html/wp-content/themes/lilli-by-akira-back/page.php on line 9
[02-Dec-2024 14:48:14 UTC] PHP Warning:  Undefined array key "theme" in /var/www/html/wp-content/themes/lilli-by-akira-back/page.php on line 10
[02-Dec-2024 14:48:14 UTC] PHP Warning:  Trying to access array offset on value of type null in /var/www/html/wp-content/themes/lilli-by-akira-back/page.php on line 10
[02-Dec-2024 14:48:14 UTC] PHP Fatal error:  Uncaught TypeError: extract(): Argument #1 ($array) must be of type array, null given in /var/www/html/wp-content/themes/lilli-by-akira-back/blocks/accordion/accordion.php:21
Stack trace:
#0 /var/www/html/wp-content/themes/lilli-by-akira-back/blocks/accordion/accordion.php(21): extract(NULL)
#1 /var/www/html/wp-content/plugins/advanced-custom-fields-pro/pro/blocks.php(708): accordion_render_callback(Array, '', false, 2127, Object(WP_Block), Array)
#2 /var/www/html/wp-content/plugins/advanced-custom-fields-pro/pro/blocks.php(610): acf_render_block(Array, '', false, 2127, Object(WP_Block), Array)
#3 /var/www/html/wp-content/plugins/advanced-custom-fields-pro/pro/blocks.php(533): acf_rendered_block(Array, '', false, 2127, Object(WP_Block))
#4 /var/www/html/wp-includes/class-wp-block.php(519): acf_render_block_callback(Array, '', Object(WP_Block))
#5 /var/www/html/wp-includes/blocks.php(2061): WP_Block->render()
#6 /var/www/html/wp-includes/blocks.php(2113): render_block(Array)
#7 /var/www/html/wp-includes/class-wp-hook.php(324): do_blocks('<!-- wp:acf/acc...')
#8 /var/www/html/wp-includes/plugin.php(205): WP_Hook->apply_filters('<!-- wp:acf/acc...', Array)
#9 /var/www/html/wp-includes/post-template.php(256): apply_filters('the_content', '<!-- wp:acf/acc...')
#10 /var/www/html/wp-content/themes/lilli-by-akira-back/page.php(36): the_content()
#11 /var/www/html/wp-includes/template-loader.php(106): include('/var/www/html/w...')
#12 /var/www/html/wp-blog-header.php(19): require_once('/var/www/html/w...')
#13 /var/www/html/index.php(17): require('/var/www/html/w...')
#14 {main}
  thrown in /var/www/html/wp-content/themes/lilli-by-akira-back/blocks/accordion/accordion.php on line 21
[02-Dec-2024 14:49:30 UTC] PHP Warning:  Undefined array key "theme" in /var/www/html/wp-content/themes/lilli-by-akira-back/page.php on line 7
[02-Dec-2024 14:49:30 UTC] PHP Warning:  Trying to access array offset on value of type null in /var/www/html/wp-content/themes/lilli-by-akira-back/page.php on line 7
[02-Dec-2024 14:49:30 UTC] PHP Warning:  Undefined array key "theme" in /var/www/html/wp-content/themes/lilli-by-akira-back/page.php on line 8
[02-Dec-2024 14:49:30 UTC] PHP Warning:  Trying to access array offset on value of type null in /var/www/html/wp-content/themes/lilli-by-akira-back/page.php on line 8
[02-Dec-2024 14:49:30 UTC] PHP Warning:  Undefined array key "theme" in /var/www/html/wp-content/themes/lilli-by-akira-back/page.php on line 9
[02-Dec-2024 14:49:30 UTC] PHP Warning:  Trying to access array offset on value of type null in /var/www/html/wp-content/themes/lilli-by-akira-back/page.php on line 9
[02-Dec-2024 14:49:30 UTC] PHP Warning:  Undefined array key "theme" in /var/www/html/wp-content/themes/lilli-by-akira-back/page.php on line 10
[02-Dec-2024 14:49:30 UTC] PHP Warning:  Trying to access array offset on value of type null in /var/www/html/wp-content/themes/lilli-by-akira-back/page.php on line 10
[02-Dec-2024 14:49:30 UTC] PHP Fatal error:  Uncaught TypeError: extract(): Argument #1 ($array) must be of type array, null given in /var/www/html/wp-content/themes/lilli-by-akira-back/blocks/accordion/accordion.php:21
Stack trace:
#0 /var/www/html/wp-content/themes/lilli-by-akira-back/blocks/accordion/accordion.php(21): extract(NULL)
#1 /var/www/html/wp-content/plugins/advanced-custom-fields-pro/pro/blocks.php(708): accordion_render_callback(Array, '', false, 2127, Object(WP_Block), Array)
#2 /var/www/html/wp-content/plugins/advanced-custom-fields-pro/pro/blocks.php(610): acf_render_block(Array, '', false, 2127, Object(WP_Block), Array)
#3 /var/www/html/wp-content/plugins/advanced-custom-fields-pro/pro/blocks.php(533): acf_rendered_block(Array, '', false, 2127, Object(WP_Block))
#4 /var/www/html/wp-includes/class-wp-block.php(519): acf_render_block_callback(Array, '', Object(WP_Block))
#5 /var/www/html/wp-includes/blocks.php(2061): WP_Block->render()
#6 /var/www/html/wp-includes/blocks.php(2113): render_block(Array)
#7 /var/www/html/wp-includes/class-wp-hook.php(324): do_blocks('<!-- wp:acf/acc...')
#8 /var/www/html/wp-includes/plugin.php(205): WP_Hook->apply_filters('<!-- wp:acf/acc...', Array)
#9 /var/www/html/wp-includes/post-template.php(256): apply_filters('the_content', '<!-- wp:acf/acc...')
#10 /var/www/html/wp-content/themes/lilli-by-akira-back/page.php(36): the_content()
#11 /var/www/html/wp-includes/template-loader.php(106): include('/var/www/html/w...')
#12 /var/www/html/wp-blog-header.php(19): require_once('/var/www/html/w...')
#13 /var/www/html/index.php(17): require('/var/www/html/w...')
#14 {main}
  thrown in /var/www/html/wp-content/themes/lilli-by-akira-back/blocks/accordion/accordion.php on line 21
[02-Dec-2024 14:56:59 UTC] PHP Warning:  Undefined array key "theme" in /var/www/html/wp-content/themes/lilli-by-akira-back/page.php on line 7
[02-Dec-2024 14:56:59 UTC] PHP Warning:  Trying to access array offset on value of type null in /var/www/html/wp-content/themes/lilli-by-akira-back/page.php on line 7
[02-Dec-2024 14:56:59 UTC] PHP Warning:  Undefined array key "theme" in /var/www/html/wp-content/themes/lilli-by-akira-back/page.php on line 8
[02-Dec-2024 14:56:59 UTC] PHP Warning:  Trying to access array offset on value of type null in /var/www/html/wp-content/themes/lilli-by-akira-back/page.php on line 8
[02-Dec-2024 14:56:59 UTC] PHP Warning:  Undefined array key "theme" in /var/www/html/wp-content/themes/lilli-by-akira-back/page.php on line 9
[02-Dec-2024 14:56:59 UTC] PHP Warning:  Trying to access array offset on value of type null in /var/www/html/wp-content/themes/lilli-by-akira-back/page.php on line 9
[02-Dec-2024 14:56:59 UTC] PHP Warning:  Undefined array key "theme" in /var/www/html/wp-content/themes/lilli-by-akira-back/page.php on line 10
[02-Dec-2024 14:56:59 UTC] PHP Warning:  Trying to access array offset on value of type null in /var/www/html/wp-content/themes/lilli-by-akira-back/page.php on line 10
[02-Dec-2024 14:56:59 UTC] PHP Warning:  Undefined variable $theme in /var/www/html/wp-content/themes/lilli-by-akira-back/blocks/_block_components/component_block_class.php on line 4
[02-Dec-2024 14:56:59 UTC] PHP Warning:  Undefined variable $bg in /var/www/html/wp-content/themes/lilli-by-akira-back/blocks/_block_components/component_block_class.php on line 6
[02-Dec-2024 14:56:59 UTC] PHP Warning:  Undefined variable $theme in /var/www/html/wp-content/themes/lilli-by-akira-back/blocks/_block_components/component_block_class.php on line 7
[02-Dec-2024 14:56:59 UTC] PHP Warning:  Undefined variable $palette in /var/www/html/wp-content/themes/lilli-by-akira-back/blocks/_block_components/component_block_class.php on line 8
[02-Dec-2024 14:56:59 UTC] PHP Warning:  Undefined variable $palette in /var/www/html/wp-content/themes/lilli-by-akira-back/blocks/_block_components/component_block_style.php on line 4
[02-Dec-2024 14:56:59 UTC] PHP Warning:  Undefined variable $bg in /var/www/html/wp-content/themes/lilli-by-akira-back/blocks/_block_components/component_block_style.php on line 10
[02-Dec-2024 14:57:20 UTC] PHP Warning:  Undefined array key "theme" in /var/www/html/wp-content/themes/lilli-by-akira-back/page.php on line 7
[02-Dec-2024 14:57:20 UTC] PHP Warning:  Trying to access array offset on value of type null in /var/www/html/wp-content/themes/lilli-by-akira-back/page.php on line 7
[02-Dec-2024 14:57:20 UTC] PHP Warning:  Undefined array key "theme" in /var/www/html/wp-content/themes/lilli-by-akira-back/page.php on line 8
[02-Dec-2024 14:57:20 UTC] PHP Warning:  Trying to access array offset on value of type null in /var/www/html/wp-content/themes/lilli-by-akira-back/page.php on line 8
[02-Dec-2024 14:57:20 UTC] PHP Warning:  Undefined array key "theme" in /var/www/html/wp-content/themes/lilli-by-akira-back/page.php on line 9
[02-Dec-2024 14:57:20 UTC] PHP Warning:  Trying to access array offset on value of type null in /var/www/html/wp-content/themes/lilli-by-akira-back/page.php on line 9
[02-Dec-2024 14:57:20 UTC] PHP Warning:  Undefined array key "theme" in /var/www/html/wp-content/themes/lilli-by-akira-back/page.php on line 10
[02-Dec-2024 14:57:20 UTC] PHP Warning:  Trying to access array offset on value of type null in /var/www/html/wp-content/themes/lilli-by-akira-back/page.php on line 10
[02-Dec-2024 14:57:20 UTC] PHP Warning:  Undefined variable $theme in /var/www/html/wp-content/themes/lilli-by-akira-back/blocks/_block_components/component_block_class.php on line 4
[02-Dec-2024 14:57:20 UTC] PHP Warning:  Undefined variable $bg in /var/www/html/wp-content/themes/lilli-by-akira-back/blocks/_block_components/component_block_class.php on line 6
[02-Dec-2024 14:57:20 UTC] PHP Warning:  Undefined variable $theme in /var/www/html/wp-content/themes/lilli-by-akira-back/blocks/_block_components/component_block_class.php on line 7
[02-Dec-2024 14:57:20 UTC] PHP Warning:  Undefined variable $palette in /var/www/html/wp-content/themes/lilli-by-akira-back/blocks/_block_components/component_block_class.php on line 8
[02-Dec-2024 14:57:20 UTC] PHP Warning:  Undefined variable $palette in /var/www/html/wp-content/themes/lilli-by-akira-back/blocks/_block_components/component_block_style.php on line 4
[02-Dec-2024 14:57:20 UTC] PHP Warning:  Undefined variable $bg in /var/www/html/wp-content/themes/lilli-by-akira-back/blocks/_block_components/component_block_style.php on line 10
[02-Dec-2024 14:58:23 UTC] PHP Warning:  Undefined array key "theme" in /var/www/html/wp-content/themes/lilli-by-akira-back/page.php on line 7
[02-Dec-2024 14:58:23 UTC] PHP Warning:  Trying to access array offset on value of type null in /var/www/html/wp-content/themes/lilli-by-akira-back/page.php on line 7
[02-Dec-2024 14:58:23 UTC] PHP Warning:  Undefined array key "theme" in /var/www/html/wp-content/themes/lilli-by-akira-back/page.php on line 8
[02-Dec-2024 14:58:23 UTC] PHP Warning:  Trying to access array offset on value of type null in /var/www/html/wp-content/themes/lilli-by-akira-back/page.php on line 8
[02-Dec-2024 14:58:23 UTC] PHP Warning:  Undefined array key "theme" in /var/www/html/wp-content/themes/lilli-by-akira-back/page.php on line 9
[02-Dec-2024 14:58:23 UTC] PHP Warning:  Trying to access array offset on value of type null in /var/www/html/wp-content/themes/lilli-by-akira-back/page.php on line 9
[02-Dec-2024 14:58:23 UTC] PHP Warning:  Undefined array key "theme" in /var/www/html/wp-content/themes/lilli-by-akira-back/page.php on line 10
[02-Dec-2024 14:58:23 UTC] PHP Warning:  Trying to access array offset on value of type null in /var/www/html/wp-content/themes/lilli-by-akira-back/page.php on line 10
[02-Dec-2024 14:58:23 UTC] PHP Warning:  Undefined variable $theme in /var/www/html/wp-content/themes/lilli-by-akira-back/blocks/_block_components/component_block_class.php on line 4
[02-Dec-2024 14:58:23 UTC] PHP Warning:  Undefined variable $bg in /var/www/html/wp-content/themes/lilli-by-akira-back/blocks/_block_components/component_block_class.php on line 6
[02-Dec-2024 14:58:23 UTC] PHP Warning:  Undefined variable $theme in /var/www/html/wp-content/themes/lilli-by-akira-back/blocks/_block_components/component_block_class.php on line 7
[02-Dec-2024 14:58:23 UTC] PHP Warning:  Undefined variable $palette in /var/www/html/wp-content/themes/lilli-by-akira-back/blocks/_block_components/component_block_class.php on line 8
[02-Dec-2024 14:58:23 UTC] PHP Warning:  Undefined variable $palette in /var/www/html/wp-content/themes/lilli-by-akira-back/blocks/_block_components/component_block_style.php on line 4
[02-Dec-2024 14:58:23 UTC] PHP Warning:  Undefined variable $bg in /var/www/html/wp-content/themes/lilli-by-akira-back/blocks/_block_components/component_block_style.php on line 10
[02-Dec-2024 14:58:48 UTC] PHP Warning:  Undefined array key "theme" in /var/www/html/wp-content/themes/lilli-by-akira-back/page.php on line 7
[02-Dec-2024 14:58:48 UTC] PHP Warning:  Trying to access array offset on value of type null in /var/www/html/wp-content/themes/lilli-by-akira-back/page.php on line 7
[02-Dec-2024 14:58:48 UTC] PHP Warning:  Undefined array key "theme" in /var/www/html/wp-content/themes/lilli-by-akira-back/page.php on line 8
[02-Dec-2024 14:58:48 UTC] PHP Warning:  Trying to access array offset on value of type null in /var/www/html/wp-content/themes/lilli-by-akira-back/page.php on line 8
[02-Dec-2024 14:58:48 UTC] PHP Warning:  Undefined array key "theme" in /var/www/html/wp-content/themes/lilli-by-akira-back/page.php on line 9
[02-Dec-2024 14:58:48 UTC] PHP Warning:  Trying to access array offset on value of type null in /var/www/html/wp-content/themes/lilli-by-akira-back/page.php on line 9
[02-Dec-2024 14:58:48 UTC] PHP Warning:  Undefined array key "theme" in /var/www/html/wp-content/themes/lilli-by-akira-back/page.php on line 10
[02-Dec-2024 14:58:48 UTC] PHP Warning:  Trying to access array offset on value of type null in /var/www/html/wp-content/themes/lilli-by-akira-back/page.php on line 10
[02-Dec-2024 14:58:48 UTC] PHP Warning:  Undefined variable $theme in /var/www/html/wp-content/themes/lilli-by-akira-back/blocks/_block_components/component_block_class.php on line 4
[02-Dec-2024 14:58:48 UTC] PHP Warning:  Undefined variable $bg in /var/www/html/wp-content/themes/lilli-by-akira-back/blocks/_block_components/component_block_class.php on line 6
[02-Dec-2024 14:58:48 UTC] PHP Warning:  Undefined variable $theme in /var/www/html/wp-content/themes/lilli-by-akira-back/blocks/_block_components/component_block_class.php on line 7
[02-Dec-2024 14:58:48 UTC] PHP Warning:  Undefined variable $palette in /var/www/html/wp-content/themes/lilli-by-akira-back/blocks/_block_components/component_block_class.php on line 8
[02-Dec-2024 14:58:48 UTC] PHP Warning:  Undefined variable $palette in /var/www/html/wp-content/themes/lilli-by-akira-back/blocks/_block_components/component_block_style.php on line 4
[02-Dec-2024 14:58:48 UTC] PHP Warning:  Undefined variable $bg in /var/www/html/wp-content/themes/lilli-by-akira-back/blocks/_block_components/component_block_style.php on line 10
[02-Dec-2024 14:59:44 UTC] PHP Warning:  Undefined array key "theme" in /var/www/html/wp-content/themes/lilli-by-akira-back/page.php on line 7
[02-Dec-2024 14:59:44 UTC] PHP Warning:  Trying to access array offset on value of type null in /var/www/html/wp-content/themes/lilli-by-akira-back/page.php on line 7
[02-Dec-2024 14:59:44 UTC] PHP Warning:  Undefined array key "theme" in /var/www/html/wp-content/themes/lilli-by-akira-back/page.php on line 8
[02-Dec-2024 14:59:44 UTC] PHP Warning:  Trying to access array offset on value of type null in /var/www/html/wp-content/themes/lilli-by-akira-back/page.php on line 8
[02-Dec-2024 14:59:44 UTC] PHP Warning:  Undefined array key "theme" in /var/www/html/wp-content/themes/lilli-by-akira-back/page.php on line 9
[02-Dec-2024 14:59:44 UTC] PHP Warning:  Trying to access array offset on value of type null in /var/www/html/wp-content/themes/lilli-by-akira-back/page.php on line 9
[02-Dec-2024 14:59:44 UTC] PHP Warning:  Undefined array key "theme" in /var/www/html/wp-content/themes/lilli-by-akira-back/page.php on line 10
[02-Dec-2024 14:59:44 UTC] PHP Warning:  Trying to access array offset on value of type null in /var/www/html/wp-content/themes/lilli-by-akira-back/page.php on line 10
[02-Dec-2024 14:59:44 UTC] PHP Warning:  Undefined variable $theme in /var/www/html/wp-content/themes/lilli-by-akira-back/blocks/_block_components/component_block_class.php on line 4
[02-Dec-2024 14:59:44 UTC] PHP Warning:  Undefined variable $bg in /var/www/html/wp-content/themes/lilli-by-akira-back/blocks/_block_components/component_block_class.php on line 6
[02-Dec-2024 14:59:44 UTC] PHP Warning:  Undefined variable $theme in /var/www/html/wp-content/themes/lilli-by-akira-back/blocks/_block_components/component_block_class.php on line 7
[02-Dec-2024 14:59:44 UTC] PHP Warning:  Undefined variable $palette in /var/www/html/wp-content/themes/lilli-by-akira-back/blocks/_block_components/component_block_class.php on line 8
[02-Dec-2024 14:59:44 UTC] PHP Warning:  Undefined variable $palette in /var/www/html/wp-content/themes/lilli-by-akira-back/blocks/_block_components/component_block_style.php on line 4
[02-Dec-2024 14:59:44 UTC] PHP Warning:  Undefined variable $bg in /var/www/html/wp-content/themes/lilli-by-akira-back/blocks/_block_components/component_block_style.php on line 10
[02-Dec-2024 14:59:58 UTC] PHP Warning:  Undefined array key "theme" in /var/www/html/wp-content/themes/lilli-by-akira-back/page.php on line 7
[02-Dec-2024 14:59:58 UTC] PHP Warning:  Trying to access array offset on value of type null in /var/www/html/wp-content/themes/lilli-by-akira-back/page.php on line 7
[02-Dec-2024 14:59:58 UTC] PHP Warning:  Undefined array key "theme" in /var/www/html/wp-content/themes/lilli-by-akira-back/page.php on line 8
[02-Dec-2024 14:59:58 UTC] PHP Warning:  Trying to access array offset on value of type null in /var/www/html/wp-content/themes/lilli-by-akira-back/page.php on line 8
[02-Dec-2024 14:59:58 UTC] PHP Warning:  Undefined array key "theme" in /var/www/html/wp-content/themes/lilli-by-akira-back/page.php on line 9
[02-Dec-2024 14:59:58 UTC] PHP Warning:  Trying to access array offset on value of type null in /var/www/html/wp-content/themes/lilli-by-akira-back/page.php on line 9
[02-Dec-2024 14:59:58 UTC] PHP Warning:  Undefined array key "theme" in /var/www/html/wp-content/themes/lilli-by-akira-back/page.php on line 10
[02-Dec-2024 14:59:58 UTC] PHP Warning:  Trying to access array offset on value of type null in /var/www/html/wp-content/themes/lilli-by-akira-back/page.php on line 10
[02-Dec-2024 14:59:58 UTC] PHP Warning:  Undefined variable $theme in /var/www/html/wp-content/themes/lilli-by-akira-back/blocks/_block_components/component_block_class.php on line 4
[02-Dec-2024 14:59:58 UTC] PHP Warning:  Undefined variable $bg in /var/www/html/wp-content/themes/lilli-by-akira-back/blocks/_block_components/component_block_class.php on line 6
[02-Dec-2024 14:59:58 UTC] PHP Warning:  Undefined variable $theme in /var/www/html/wp-content/themes/lilli-by-akira-back/blocks/_block_components/component_block_class.php on line 7
[02-Dec-2024 14:59:58 UTC] PHP Warning:  Undefined variable $palette in /var/www/html/wp-content/themes/lilli-by-akira-back/blocks/_block_components/component_block_class.php on line 8
[02-Dec-2024 14:59:58 UTC] PHP Warning:  Undefined variable $palette in /var/www/html/wp-content/themes/lilli-by-akira-back/blocks/_block_components/component_block_style.php on line 4
[02-Dec-2024 14:59:58 UTC] PHP Warning:  Undefined variable $bg in /var/www/html/wp-content/themes/lilli-by-akira-back/blocks/_block_components/component_block_style.php on line 10
[02-Dec-2024 15:01:26 UTC] PHP Warning:  Undefined array key "theme" in /var/www/html/wp-content/themes/lilli-by-akira-back/page.php on line 7
[02-Dec-2024 15:01:26 UTC] PHP Warning:  Trying to access array offset on value of type null in /var/www/html/wp-content/themes/lilli-by-akira-back/page.php on line 7
[02-Dec-2024 15:01:26 UTC] PHP Warning:  Undefined array key "theme" in /var/www/html/wp-content/themes/lilli-by-akira-back/page.php on line 8
[02-Dec-2024 15:01:26 UTC] PHP Warning:  Trying to access array offset on value of type null in /var/www/html/wp-content/themes/lilli-by-akira-back/page.php on line 8
[02-Dec-2024 15:01:26 UTC] PHP Warning:  Undefined array key "theme" in /var/www/html/wp-content/themes/lilli-by-akira-back/page.php on line 9
[02-Dec-2024 15:01:26 UTC] PHP Warning:  Trying to access array offset on value of type null in /var/www/html/wp-content/themes/lilli-by-akira-back/page.php on line 9
[02-Dec-2024 15:01:26 UTC] PHP Warning:  Undefined array key "theme" in /var/www/html/wp-content/themes/lilli-by-akira-back/page.php on line 10
[02-Dec-2024 15:01:26 UTC] PHP Warning:  Trying to access array offset on value of type null in /var/www/html/wp-content/themes/lilli-by-akira-back/page.php on line 10
[02-Dec-2024 15:03:01 UTC] PHP Warning:  Undefined array key "theme" in /var/www/html/wp-content/themes/lilli-by-akira-back/page.php on line 7
[02-Dec-2024 15:03:01 UTC] PHP Warning:  Trying to access array offset on value of type null in /var/www/html/wp-content/themes/lilli-by-akira-back/page.php on line 7
[02-Dec-2024 15:03:01 UTC] PHP Warning:  Undefined array key "theme" in /var/www/html/wp-content/themes/lilli-by-akira-back/page.php on line 8
[02-Dec-2024 15:03:01 UTC] PHP Warning:  Trying to access array offset on value of type null in /var/www/html/wp-content/themes/lilli-by-akira-back/page.php on line 8
[02-Dec-2024 15:03:01 UTC] PHP Warning:  Undefined array key "theme" in /var/www/html/wp-content/themes/lilli-by-akira-back/page.php on line 9
[02-Dec-2024 15:03:01 UTC] PHP Warning:  Trying to access array offset on value of type null in /var/www/html/wp-content/themes/lilli-by-akira-back/page.php on line 9
[02-Dec-2024 15:03:01 UTC] PHP Warning:  Undefined array key "theme" in /var/www/html/wp-content/themes/lilli-by-akira-back/page.php on line 10
[02-Dec-2024 15:03:01 UTC] PHP Warning:  Trying to access array offset on value of type null in /var/www/html/wp-content/themes/lilli-by-akira-back/page.php on line 10
[02-Dec-2024 15:03:38 UTC] PHP Warning:  Undefined array key "theme" in /var/www/html/wp-content/themes/lilli-by-akira-back/page.php on line 7
[02-Dec-2024 15:03:38 UTC] PHP Warning:  Trying to access array offset on value of type null in /var/www/html/wp-content/themes/lilli-by-akira-back/page.php on line 7
[02-Dec-2024 15:03:38 UTC] PHP Warning:  Undefined array key "theme" in /var/www/html/wp-content/themes/lilli-by-akira-back/page.php on line 8
[02-Dec-2024 15:03:38 UTC] PHP Warning:  Trying to access array offset on value of type null in /var/www/html/wp-content/themes/lilli-by-akira-back/page.php on line 8
[02-Dec-2024 15:03:38 UTC] PHP Warning:  Undefined array key "theme" in /var/www/html/wp-content/themes/lilli-by-akira-back/page.php on line 9
[02-Dec-2024 15:03:38 UTC] PHP Warning:  Trying to access array offset on value of type null in /var/www/html/wp-content/themes/lilli-by-akira-back/page.php on line 9
[02-Dec-2024 15:03:38 UTC] PHP Warning:  Undefined array key "theme" in /var/www/html/wp-content/themes/lilli-by-akira-back/page.php on line 10
[02-Dec-2024 15:03:38 UTC] PHP Warning:  Trying to access array offset on value of type null in /var/www/html/wp-content/themes/lilli-by-akira-back/page.php on line 10
[02-Dec-2024 15:03:55 UTC] PHP Warning:  Undefined array key "theme" in /var/www/html/wp-content/themes/lilli-by-akira-back/page.php on line 7
[02-Dec-2024 15:03:55 UTC] PHP Warning:  Trying to access array offset on value of type null in /var/www/html/wp-content/themes/lilli-by-akira-back/page.php on line 7
[02-Dec-2024 15:03:55 UTC] PHP Warning:  Undefined array key "theme" in /var/www/html/wp-content/themes/lilli-by-akira-back/page.php on line 8
[02-Dec-2024 15:03:55 UTC] PHP Warning:  Trying to access array offset on value of type null in /var/www/html/wp-content/themes/lilli-by-akira-back/page.php on line 8
[02-Dec-2024 15:03:55 UTC] PHP Warning:  Undefined array key "theme" in /var/www/html/wp-content/themes/lilli-by-akira-back/page.php on line 9
[02-Dec-2024 15:03:55 UTC] PHP Warning:  Trying to access array offset on value of type null in /var/www/html/wp-content/themes/lilli-by-akira-back/page.php on line 9
[02-Dec-2024 15:03:55 UTC] PHP Warning:  Undefined array key "theme" in /var/www/html/wp-content/themes/lilli-by-akira-back/page.php on line 10
[02-Dec-2024 15:03:55 UTC] PHP Warning:  Trying to access array offset on value of type null in /var/www/html/wp-content/themes/lilli-by-akira-back/page.php on line 10
[02-Dec-2024 15:04:16 UTC] PHP Warning:  Undefined array key "theme" in /var/www/html/wp-content/themes/lilli-by-akira-back/page.php on line 7
[02-Dec-2024 15:04:16 UTC] PHP Warning:  Trying to access array offset on value of type null in /var/www/html/wp-content/themes/lilli-by-akira-back/page.php on line 7
[02-Dec-2024 15:04:16 UTC] PHP Warning:  Undefined array key "theme" in /var/www/html/wp-content/themes/lilli-by-akira-back/page.php on line 8
[02-Dec-2024 15:04:16 UTC] PHP Warning:  Trying to access array offset on value of type null in /var/www/html/wp-content/themes/lilli-by-akira-back/page.php on line 8
[02-Dec-2024 15:04:16 UTC] PHP Warning:  Undefined array key "theme" in /var/www/html/wp-content/themes/lilli-by-akira-back/page.php on line 9
[02-Dec-2024 15:04:16 UTC] PHP Warning:  Trying to access array offset on value of type null in /var/www/html/wp-content/themes/lilli-by-akira-back/page.php on line 9
[02-Dec-2024 15:04:16 UTC] PHP Warning:  Undefined array key "theme" in /var/www/html/wp-content/themes/lilli-by-akira-back/page.php on line 10
[02-Dec-2024 15:04:16 UTC] PHP Warning:  Trying to access array offset on value of type null in /var/www/html/wp-content/themes/lilli-by-akira-back/page.php on line 10
[02-Dec-2024 15:05:09 UTC] PHP Warning:  Undefined array key "theme" in /var/www/html/wp-content/themes/lilli-by-akira-back/page.php on line 7
[02-Dec-2024 15:05:09 UTC] PHP Warning:  Trying to access array offset on value of type null in /var/www/html/wp-content/themes/lilli-by-akira-back/page.php on line 7
[02-Dec-2024 15:05:09 UTC] PHP Warning:  Undefined array key "theme" in /var/www/html/wp-content/themes/lilli-by-akira-back/page.php on line 8
[02-Dec-2024 15:05:09 UTC] PHP Warning:  Trying to access array offset on value of type null in /var/www/html/wp-content/themes/lilli-by-akira-back/page.php on line 8
[02-Dec-2024 15:05:09 UTC] PHP Warning:  Undefined array key "theme" in /var/www/html/wp-content/themes/lilli-by-akira-back/page.php on line 9
[02-Dec-2024 15:05:09 UTC] PHP Warning:  Trying to access array offset on value of type null in /var/www/html/wp-content/themes/lilli-by-akira-back/page.php on line 9
[02-Dec-2024 15:05:09 UTC] PHP Warning:  Undefined array key "theme" in /var/www/html/wp-content/themes/lilli-by-akira-back/page.php on line 10
[02-Dec-2024 15:05:09 UTC] PHP Warning:  Trying to access array offset on value of type null in /var/www/html/wp-content/themes/lilli-by-akira-back/page.php on line 10
[02-Dec-2024 16:00:13 UTC] PHP Warning:  Undefined array key "media" in /var/www/html/wp-content/themes/lilli-by-akira-back/blocks/_block_components/component_colors.php on line 15
[02-Dec-2024 16:00:13 UTC] PHP Warning:  Undefined variable $block_media_field in /var/www/html/wp-content/themes/lilli-by-akira-back/blocks/_block_components/component_bg_media.php on line 5
[02-Dec-2024 16:00:35 UTC] PHP Warning:  Undefined array key "theme" in /var/www/html/wp-content/themes/lilli-by-akira-back/page.php on line 7
[02-Dec-2024 16:00:35 UTC] PHP Warning:  Trying to access array offset on value of type null in /var/www/html/wp-content/themes/lilli-by-akira-back/page.php on line 7
[02-Dec-2024 16:00:35 UTC] PHP Warning:  Undefined array key "theme" in /var/www/html/wp-content/themes/lilli-by-akira-back/page.php on line 8
[02-Dec-2024 16:00:35 UTC] PHP Warning:  Trying to access array offset on value of type null in /var/www/html/wp-content/themes/lilli-by-akira-back/page.php on line 8
[02-Dec-2024 16:00:35 UTC] PHP Warning:  Undefined array key "theme" in /var/www/html/wp-content/themes/lilli-by-akira-back/page.php on line 9
[02-Dec-2024 16:00:35 UTC] PHP Warning:  Trying to access array offset on value of type null in /var/www/html/wp-content/themes/lilli-by-akira-back/page.php on line 9
[02-Dec-2024 16:00:35 UTC] PHP Warning:  Undefined array key "theme" in /var/www/html/wp-content/themes/lilli-by-akira-back/page.php on line 10
[02-Dec-2024 16:00:35 UTC] PHP Warning:  Trying to access array offset on value of type null in /var/www/html/wp-content/themes/lilli-by-akira-back/page.php on line 10
[02-Dec-2024 16:00:35 UTC] PHP Warning:  Undefined array key "media" in /var/www/html/wp-content/themes/lilli-by-akira-back/blocks/_block_components/component_colors.php on line 15
[02-Dec-2024 16:00:35 UTC] PHP Warning:  Undefined variable $block_media_field in /var/www/html/wp-content/themes/lilli-by-akira-back/blocks/_block_components/component_bg_media.php on line 5
[02-Dec-2024 16:02:22 UTC] PHP Warning:  Undefined array key "media" in /var/www/html/wp-content/themes/lilli-by-akira-back/blocks/_block_components/component_colors.php on line 15
[02-Dec-2024 16:02:22 UTC] PHP Warning:  Undefined variable $block_media_field in /var/www/html/wp-content/themes/lilli-by-akira-back/blocks/_block_components/component_bg_media.php on line 5
[02-Dec-2024 16:02:26 UTC] PHP Warning:  Undefined array key "media" in /var/www/html/wp-content/themes/lilli-by-akira-back/blocks/_block_components/component_colors.php on line 15
[02-Dec-2024 16:02:26 UTC] PHP Warning:  Undefined variable $block_media_field in /var/www/html/wp-content/themes/lilli-by-akira-back/blocks/_block_components/component_bg_media.php on line 5
[02-Dec-2024 16:02:31 UTC] PHP Warning:  Undefined array key "media" in /var/www/html/wp-content/themes/lilli-by-akira-back/blocks/_block_components/component_colors.php on line 15
[02-Dec-2024 16:02:31 UTC] PHP Warning:  Undefined variable $block_media_field in /var/www/html/wp-content/themes/lilli-by-akira-back/blocks/_block_components/component_bg_media.php on line 5
[02-Dec-2024 16:02:34 UTC] PHP Warning:  Undefined array key "media" in /var/www/html/wp-content/themes/lilli-by-akira-back/blocks/_block_components/component_colors.php on line 15
[02-Dec-2024 16:02:34 UTC] PHP Warning:  Undefined variable $block_media_field in /var/www/html/wp-content/themes/lilli-by-akira-back/blocks/_block_components/component_bg_media.php on line 5
[02-Dec-2024 16:02:36 UTC] PHP Warning:  Undefined array key "media" in /var/www/html/wp-content/themes/lilli-by-akira-back/blocks/_block_components/component_colors.php on line 15
[02-Dec-2024 16:02:36 UTC] PHP Warning:  Undefined variable $block_media_field in /var/www/html/wp-content/themes/lilli-by-akira-back/blocks/_block_components/component_bg_media.php on line 5
[02-Dec-2024 16:02:38 UTC] PHP Warning:  Undefined array key "theme" in /var/www/html/wp-content/themes/lilli-by-akira-back/page.php on line 7
[02-Dec-2024 16:02:38 UTC] PHP Warning:  Trying to access array offset on value of type null in /var/www/html/wp-content/themes/lilli-by-akira-back/page.php on line 7
[02-Dec-2024 16:02:38 UTC] PHP Warning:  Undefined array key "theme" in /var/www/html/wp-content/themes/lilli-by-akira-back/page.php on line 8
[02-Dec-2024 16:02:38 UTC] PHP Warning:  Trying to access array offset on value of type null in /var/www/html/wp-content/themes/lilli-by-akira-back/page.php on line 8
[02-Dec-2024 16:02:38 UTC] PHP Warning:  Undefined array key "theme" in /var/www/html/wp-content/themes/lilli-by-akira-back/page.php on line 9
[02-Dec-2024 16:02:38 UTC] PHP Warning:  Trying to access array offset on value of type null in /var/www/html/wp-content/themes/lilli-by-akira-back/page.php on line 9
[02-Dec-2024 16:02:38 UTC] PHP Warning:  Undefined array key "theme" in /var/www/html/wp-content/themes/lilli-by-akira-back/page.php on line 10
[02-Dec-2024 16:02:38 UTC] PHP Warning:  Trying to access array offset on value of type null in /var/www/html/wp-content/themes/lilli-by-akira-back/page.php on line 10
[02-Dec-2024 16:02:38 UTC] PHP Warning:  Undefined array key "media" in /var/www/html/wp-content/themes/lilli-by-akira-back/blocks/_block_components/component_colors.php on line 15
[02-Dec-2024 16:02:38 UTC] PHP Warning:  Undefined variable $block_media_field in /var/www/html/wp-content/themes/lilli-by-akira-back/blocks/_block_components/component_bg_media.php on line 5
[02-Dec-2024 16:03:54 UTC] PHP Warning:  Undefined array key "theme" in /var/www/html/wp-content/themes/lilli-by-akira-back/page.php on line 7
[02-Dec-2024 16:03:54 UTC] PHP Warning:  Trying to access array offset on value of type null in /var/www/html/wp-content/themes/lilli-by-akira-back/page.php on line 7
[02-Dec-2024 16:03:54 UTC] PHP Warning:  Undefined array key "theme" in /var/www/html/wp-content/themes/lilli-by-akira-back/page.php on line 8
[02-Dec-2024 16:03:54 UTC] PHP Warning:  Trying to access array offset on value of type null in /var/www/html/wp-content/themes/lilli-by-akira-back/page.php on line 8
[02-Dec-2024 16:03:54 UTC] PHP Warning:  Undefined array key "theme" in /var/www/html/wp-content/themes/lilli-by-akira-back/page.php on line 9
[02-Dec-2024 16:03:54 UTC] PHP Warning:  Trying to access array offset on value of type null in /var/www/html/wp-content/themes/lilli-by-akira-back/page.php on line 9
[02-Dec-2024 16:03:54 UTC] PHP Warning:  Undefined array key "theme" in /var/www/html/wp-content/themes/lilli-by-akira-back/page.php on line 10
[02-Dec-2024 16:03:54 UTC] PHP Warning:  Trying to access array offset on value of type null in /var/www/html/wp-content/themes/lilli-by-akira-back/page.php on line 10
[02-Dec-2024 16:03:54 UTC] PHP Warning:  Undefined array key "media" in /var/www/html/wp-content/themes/lilli-by-akira-back/blocks/_block_components/component_colors.php on line 15
[02-Dec-2024 16:03:54 UTC] PHP Warning:  Undefined variable $block_media_field in /var/www/html/wp-content/themes/lilli-by-akira-back/blocks/_block_components/component_bg_media.php on line 5
[02-Dec-2024 16:05:15 UTC] PHP Warning:  Undefined array key "theme" in /var/www/html/wp-content/themes/lilli-by-akira-back/page.php on line 7
[02-Dec-2024 16:05:15 UTC] PHP Warning:  Trying to access array offset on value of type null in /var/www/html/wp-content/themes/lilli-by-akira-back/page.php on line 7
[02-Dec-2024 16:05:15 UTC] PHP Warning:  Undefined array key "theme" in /var/www/html/wp-content/themes/lilli-by-akira-back/page.php on line 8
[02-Dec-2024 16:05:15 UTC] PHP Warning:  Trying to access array offset on value of type null in /var/www/html/wp-content/themes/lilli-by-akira-back/page.php on line 8
[02-Dec-2024 16:05:15 UTC] PHP Warning:  Undefined array key "theme" in /var/www/html/wp-content/themes/lilli-by-akira-back/page.php on line 9
[02-Dec-2024 16:05:15 UTC] PHP Warning:  Trying to access array offset on value of type null in /var/www/html/wp-content/themes/lilli-by-akira-back/page.php on line 9
[02-Dec-2024 16:05:15 UTC] PHP Warning:  Undefined array key "theme" in /var/www/html/wp-content/themes/lilli-by-akira-back/page.php on line 10
[02-Dec-2024 16:05:15 UTC] PHP Warning:  Trying to access array offset on value of type null in /var/www/html/wp-content/themes/lilli-by-akira-back/page.php on line 10
[02-Dec-2024 16:05:15 UTC] PHP Warning:  Undefined variable $block_media_field in /var/www/html/wp-content/themes/lilli-by-akira-back/blocks/_block_components/component_bg_media.php on line 5
[02-Dec-2024 16:05:39 UTC] PHP Warning:  Undefined array key "theme" in /var/www/html/wp-content/themes/lilli-by-akira-back/page.php on line 7
[02-Dec-2024 16:05:39 UTC] PHP Warning:  Trying to access array offset on value of type null in /var/www/html/wp-content/themes/lilli-by-akira-back/page.php on line 7
[02-Dec-2024 16:05:39 UTC] PHP Warning:  Undefined array key "theme" in /var/www/html/wp-content/themes/lilli-by-akira-back/page.php on line 8
[02-Dec-2024 16:05:39 UTC] PHP Warning:  Trying to access array offset on value of type null in /var/www/html/wp-content/themes/lilli-by-akira-back/page.php on line 8
[02-Dec-2024 16:05:39 UTC] PHP Warning:  Undefined array key "theme" in /var/www/html/wp-content/themes/lilli-by-akira-back/page.php on line 9
[02-Dec-2024 16:05:39 UTC] PHP Warning:  Trying to access array offset on value of type null in /var/www/html/wp-content/themes/lilli-by-akira-back/page.php on line 9
[02-Dec-2024 16:05:39 UTC] PHP Warning:  Undefined array key "theme" in /var/www/html/wp-content/themes/lilli-by-akira-back/page.php on line 10
[02-Dec-2024 16:05:39 UTC] PHP Warning:  Trying to access array offset on value of type null in /var/www/html/wp-content/themes/lilli-by-akira-back/page.php on line 10
[02-Dec-2024 16:05:39 UTC] PHP Warning:  Undefined array key "media_type" in /var/www/html/wp-content/themes/lilli-by-akira-back/blocks/_block_components/component_bg_media.php on line 19
[02-Dec-2024 16:06:03 UTC] PHP Warning:  Undefined array key "theme" in /var/www/html/wp-content/themes/lilli-by-akira-back/page.php on line 7
[02-Dec-2024 16:06:03 UTC] PHP Warning:  Trying to access array offset on value of type null in /var/www/html/wp-content/themes/lilli-by-akira-back/page.php on line 7
[02-Dec-2024 16:06:03 UTC] PHP Warning:  Undefined array key "theme" in /var/www/html/wp-content/themes/lilli-by-akira-back/page.php on line 8
[02-Dec-2024 16:06:03 UTC] PHP Warning:  Trying to access array offset on value of type null in /var/www/html/wp-content/themes/lilli-by-akira-back/page.php on line 8
[02-Dec-2024 16:06:03 UTC] PHP Warning:  Undefined array key "theme" in /var/www/html/wp-content/themes/lilli-by-akira-back/page.php on line 9
[02-Dec-2024 16:06:03 UTC] PHP Warning:  Trying to access array offset on value of type null in /var/www/html/wp-content/themes/lilli-by-akira-back/page.php on line 9
[02-Dec-2024 16:06:03 UTC] PHP Warning:  Undefined array key "theme" in /var/www/html/wp-content/themes/lilli-by-akira-back/page.php on line 10
[02-Dec-2024 16:06:03 UTC] PHP Warning:  Trying to access array offset on value of type null in /var/www/html/wp-content/themes/lilli-by-akira-back/page.php on line 10
[02-Dec-2024 16:06:03 UTC] PHP Warning:  Undefined array key "media_type" in /var/www/html/wp-content/themes/lilli-by-akira-back/blocks/_block_components/component_bg_media.php on line 21
[02-Dec-2024 16:06:31 UTC] PHP Warning:  Undefined array key "theme" in /var/www/html/wp-content/themes/lilli-by-akira-back/page.php on line 7
[02-Dec-2024 16:06:31 UTC] PHP Warning:  Trying to access array offset on value of type null in /var/www/html/wp-content/themes/lilli-by-akira-back/page.php on line 7
[02-Dec-2024 16:06:31 UTC] PHP Warning:  Undefined array key "theme" in /var/www/html/wp-content/themes/lilli-by-akira-back/page.php on line 8
[02-Dec-2024 16:06:31 UTC] PHP Warning:  Trying to access array offset on value of type null in /var/www/html/wp-content/themes/lilli-by-akira-back/page.php on line 8
[02-Dec-2024 16:06:31 UTC] PHP Warning:  Undefined array key "theme" in /var/www/html/wp-content/themes/lilli-by-akira-back/page.php on line 9
[02-Dec-2024 16:06:31 UTC] PHP Warning:  Trying to access array offset on value of type null in /var/www/html/wp-content/themes/lilli-by-akira-back/page.php on line 9
[02-Dec-2024 16:06:31 UTC] PHP Warning:  Undefined array key "theme" in /var/www/html/wp-content/themes/lilli-by-akira-back/page.php on line 10
[02-Dec-2024 16:06:31 UTC] PHP Warning:  Trying to access array offset on value of type null in /var/www/html/wp-content/themes/lilli-by-akira-back/page.php on line 10
[02-Dec-2024 16:06:31 UTC] PHP Warning:  Undefined array key "video" in /var/www/html/wp-content/themes/lilli-by-akira-back/blocks/_block_components/component_bg_media.php on line 45
[02-Dec-2024 16:06:31 UTC] PHP Warning:  Trying to access array offset on value of type null in /var/www/html/wp-content/themes/lilli-by-akira-back/blocks/_block_components/component_bg_media.php on line 48
[02-Dec-2024 16:06:31 UTC] PHP Warning:  Trying to access array offset on value of type null in /var/www/html/wp-content/themes/lilli-by-akira-back/blocks/_block_components/component_bg_media.php on line 76
[02-Dec-2024 16:06:31 UTC] PHP Warning:  Trying to access array offset on value of type null in /var/www/html/wp-content/themes/lilli-by-akira-back/blocks/_block_components/component_bg_media.php on line 110
[02-Dec-2024 16:08:46 UTC] PHP Warning:  Undefined array key "theme" in /var/www/html/wp-content/themes/lilli-by-akira-back/page.php on line 7
[02-Dec-2024 16:08:46 UTC] PHP Warning:  Trying to access array offset on value of type null in /var/www/html/wp-content/themes/lilli-by-akira-back/page.php on line 7
[02-Dec-2024 16:08:46 UTC] PHP Warning:  Undefined array key "theme" in /var/www/html/wp-content/themes/lilli-by-akira-back/page.php on line 8
[02-Dec-2024 16:08:46 UTC] PHP Warning:  Trying to access array offset on value of type null in /var/www/html/wp-content/themes/lilli-by-akira-back/page.php on line 8
[02-Dec-2024 16:08:46 UTC] PHP Warning:  Undefined array key "theme" in /var/www/html/wp-content/themes/lilli-by-akira-back/page.php on line 9
[02-Dec-2024 16:08:46 UTC] PHP Warning:  Trying to access array offset on value of type null in /var/www/html/wp-content/themes/lilli-by-akira-back/page.php on line 9
[02-Dec-2024 16:08:46 UTC] PHP Warning:  Undefined array key "theme" in /var/www/html/wp-content/themes/lilli-by-akira-back/page.php on line 10
[02-Dec-2024 16:08:46 UTC] PHP Warning:  Trying to access array offset on value of type null in /var/www/html/wp-content/themes/lilli-by-akira-back/page.php on line 10
[02-Dec-2024 16:08:46 UTC] PHP Warning:  Undefined array key "video" in /var/www/html/wp-content/themes/lilli-by-akira-back/blocks/_block_components/component_bg_media.php on line 46
[02-Dec-2024 16:08:46 UTC] PHP Warning:  Trying to access array offset on value of type null in /var/www/html/wp-content/themes/lilli-by-akira-back/blocks/_block_components/component_bg_media.php on line 49
[02-Dec-2024 16:08:46 UTC] PHP Warning:  Trying to access array offset on value of type null in /var/www/html/wp-content/themes/lilli-by-akira-back/blocks/_block_components/component_bg_media.php on line 79
[02-Dec-2024 16:08:46 UTC] PHP Warning:  Trying to access array offset on value of type null in /var/www/html/wp-content/themes/lilli-by-akira-back/blocks/_block_components/component_bg_media.php on line 114
[02-Dec-2024 16:09:07 UTC] PHP Warning:  Undefined array key "theme" in /var/www/html/wp-content/themes/lilli-by-akira-back/page.php on line 7
[02-Dec-2024 16:09:07 UTC] PHP Warning:  Trying to access array offset on value of type null in /var/www/html/wp-content/themes/lilli-by-akira-back/page.php on line 7
[02-Dec-2024 16:09:07 UTC] PHP Warning:  Undefined array key "theme" in /var/www/html/wp-content/themes/lilli-by-akira-back/page.php on line 8
[02-Dec-2024 16:09:07 UTC] PHP Warning:  Trying to access array offset on value of type null in /var/www/html/wp-content/themes/lilli-by-akira-back/page.php on line 8
[02-Dec-2024 16:09:07 UTC] PHP Warning:  Undefined array key "theme" in /var/www/html/wp-content/themes/lilli-by-akira-back/page.php on line 9
[02-Dec-2024 16:09:07 UTC] PHP Warning:  Trying to access array offset on value of type null in /var/www/html/wp-content/themes/lilli-by-akira-back/page.php on line 9
[02-Dec-2024 16:09:07 UTC] PHP Warning:  Undefined array key "theme" in /var/www/html/wp-content/themes/lilli-by-akira-back/page.php on line 10
[02-Dec-2024 16:09:07 UTC] PHP Warning:  Trying to access array offset on value of type null in /var/www/html/wp-content/themes/lilli-by-akira-back/page.php on line 10
[02-Dec-2024 16:09:07 UTC] PHP Warning:  Undefined array key "video" in /var/www/html/wp-content/themes/lilli-by-akira-back/blocks/_block_components/component_bg_media.php on line 48
[02-Dec-2024 16:09:07 UTC] PHP Warning:  Trying to access array offset on value of type null in /var/www/html/wp-content/themes/lilli-by-akira-back/blocks/_block_components/component_bg_media.php on line 51
[02-Dec-2024 16:09:07 UTC] PHP Warning:  Trying to access array offset on value of type null in /var/www/html/wp-content/themes/lilli-by-akira-back/blocks/_block_components/component_bg_media.php on line 81
[02-Dec-2024 16:09:07 UTC] PHP Warning:  Trying to access array offset on value of type null in /var/www/html/wp-content/themes/lilli-by-akira-back/blocks/_block_components/component_bg_media.php on line 116
[02-Dec-2024 16:10:44 UTC] PHP Warning:  Undefined array key "theme" in /var/www/html/wp-content/themes/lilli-by-akira-back/page.php on line 7
[02-Dec-2024 16:10:44 UTC] PHP Warning:  Trying to access array offset on value of type null in /var/www/html/wp-content/themes/lilli-by-akira-back/page.php on line 7
[02-Dec-2024 16:10:44 UTC] PHP Warning:  Undefined array key "theme" in /var/www/html/wp-content/themes/lilli-by-akira-back/page.php on line 8
[02-Dec-2024 16:10:44 UTC] PHP Warning:  Trying to access array offset on value of type null in /var/www/html/wp-content/themes/lilli-by-akira-back/page.php on line 8
[02-Dec-2024 16:10:44 UTC] PHP Warning:  Undefined array key "theme" in /var/www/html/wp-content/themes/lilli-by-akira-back/page.php on line 9
[02-Dec-2024 16:10:44 UTC] PHP Warning:  Trying to access array offset on value of type null in /var/www/html/wp-content/themes/lilli-by-akira-back/page.php on line 9
[02-Dec-2024 16:10:44 UTC] PHP Warning:  Undefined array key "theme" in /var/www/html/wp-content/themes/lilli-by-akira-back/page.php on line 10
[02-Dec-2024 16:10:44 UTC] PHP Warning:  Trying to access array offset on value of type null in /var/www/html/wp-content/themes/lilli-by-akira-back/page.php on line 10
[02-Dec-2024 16:10:44 UTC] PHP Warning:  Undefined array key "video" in /var/www/html/wp-content/themes/lilli-by-akira-back/blocks/_block_components/component_bg_media.php on line 37
[02-Dec-2024 16:10:44 UTC] PHP Warning:  Trying to access array offset on value of type null in /var/www/html/wp-content/themes/lilli-by-akira-back/blocks/_block_components/component_bg_media.php on line 42
[02-Dec-2024 16:10:44 UTC] PHP Warning:  Trying to access array offset on value of type null in /var/www/html/wp-content/themes/lilli-by-akira-back/blocks/_block_components/component_bg_media.php on line 72
[02-Dec-2024 16:10:44 UTC] PHP Warning:  Trying to access array offset on value of type null in /var/www/html/wp-content/themes/lilli-by-akira-back/blocks/_block_components/component_bg_media.php on line 107
[02-Dec-2024 16:10:57 UTC] PHP Warning:  Undefined array key "theme" in /var/www/html/wp-content/themes/lilli-by-akira-back/page.php on line 7
[02-Dec-2024 16:10:57 UTC] PHP Warning:  Trying to access array offset on value of type null in /var/www/html/wp-content/themes/lilli-by-akira-back/page.php on line 7
[02-Dec-2024 16:10:57 UTC] PHP Warning:  Undefined array key "theme" in /var/www/html/wp-content/themes/lilli-by-akira-back/page.php on line 8
[02-Dec-2024 16:10:57 UTC] PHP Warning:  Trying to access array offset on value of type null in /var/www/html/wp-content/themes/lilli-by-akira-back/page.php on line 8
[02-Dec-2024 16:10:57 UTC] PHP Warning:  Undefined array key "theme" in /var/www/html/wp-content/themes/lilli-by-akira-back/page.php on line 9
[02-Dec-2024 16:10:57 UTC] PHP Warning:  Trying to access array offset on value of type null in /var/www/html/wp-content/themes/lilli-by-akira-back/page.php on line 9
[02-Dec-2024 16:10:57 UTC] PHP Warning:  Undefined array key "theme" in /var/www/html/wp-content/themes/lilli-by-akira-back/page.php on line 10
[02-Dec-2024 16:10:57 UTC] PHP Warning:  Trying to access array offset on value of type null in /var/www/html/wp-content/themes/lilli-by-akira-back/page.php on line 10
[02-Dec-2024 16:10:57 UTC] PHP Warning:  Undefined array key "video" in /var/www/html/wp-content/themes/lilli-by-akira-back/blocks/_block_components/component_bg_media.php on line 38
[02-Dec-2024 16:10:57 UTC] PHP Warning:  Trying to access array offset on value of type null in /var/www/html/wp-content/themes/lilli-by-akira-back/blocks/_block_components/component_bg_media.php on line 43
[02-Dec-2024 16:10:57 UTC] PHP Warning:  Trying to access array offset on value of type null in /var/www/html/wp-content/themes/lilli-by-akira-back/blocks/_block_components/component_bg_media.php on line 73
[02-Dec-2024 16:10:57 UTC] PHP Warning:  Trying to access array offset on value of type null in /var/www/html/wp-content/themes/lilli-by-akira-back/blocks/_block_components/component_bg_media.php on line 108
[02-Dec-2024 16:11:10 UTC] PHP Warning:  Undefined array key "theme" in /var/www/html/wp-content/themes/lilli-by-akira-back/page.php on line 7
[02-Dec-2024 16:11:10 UTC] PHP Warning:  Trying to access array offset on value of type null in /var/www/html/wp-content/themes/lilli-by-akira-back/page.php on line 7
[02-Dec-2024 16:11:10 UTC] PHP Warning:  Undefined array key "theme" in /var/www/html/wp-content/themes/lilli-by-akira-back/page.php on line 8
[02-Dec-2024 16:11:10 UTC] PHP Warning:  Trying to access array offset on value of type null in /var/www/html/wp-content/themes/lilli-by-akira-back/page.php on line 8
[02-Dec-2024 16:11:10 UTC] PHP Warning:  Undefined array key "theme" in /var/www/html/wp-content/themes/lilli-by-akira-back/page.php on line 9
[02-Dec-2024 16:11:10 UTC] PHP Warning:  Trying to access array offset on value of type null in /var/www/html/wp-content/themes/lilli-by-akira-back/page.php on line 9
[02-Dec-2024 16:11:10 UTC] PHP Warning:  Undefined array key "theme" in /var/www/html/wp-content/themes/lilli-by-akira-back/page.php on line 10
[02-Dec-2024 16:11:10 UTC] PHP Warning:  Trying to access array offset on value of type null in /var/www/html/wp-content/themes/lilli-by-akira-back/page.php on line 10
[02-Dec-2024 16:11:10 UTC] PHP Warning:  Undefined array key "video" in /var/www/html/wp-content/themes/lilli-by-akira-back/blocks/_block_components/component_bg_media.php on line 39
[02-Dec-2024 16:11:10 UTC] PHP Warning:  Trying to access array offset on value of type null in /var/www/html/wp-content/themes/lilli-by-akira-back/blocks/_block_components/component_bg_media.php on line 44
[02-Dec-2024 16:11:10 UTC] PHP Warning:  Trying to access array offset on value of type null in /var/www/html/wp-content/themes/lilli-by-akira-back/blocks/_block_components/component_bg_media.php on line 74
[02-Dec-2024 16:11:10 UTC] PHP Warning:  Trying to access array offset on value of type null in /var/www/html/wp-content/themes/lilli-by-akira-back/blocks/_block_components/component_bg_media.php on line 109
[02-Dec-2024 16:11:39 UTC] PHP Warning:  Undefined array key "theme" in /var/www/html/wp-content/themes/lilli-by-akira-back/page.php on line 7
[02-Dec-2024 16:11:39 UTC] PHP Warning:  Trying to access array offset on value of type null in /var/www/html/wp-content/themes/lilli-by-akira-back/page.php on line 7
[02-Dec-2024 16:11:39 UTC] PHP Warning:  Undefined array key "theme" in /var/www/html/wp-content/themes/lilli-by-akira-back/page.php on line 8
[02-Dec-2024 16:11:39 UTC] PHP Warning:  Trying to access array offset on value of type null in /var/www/html/wp-content/themes/lilli-by-akira-back/page.php on line 8
[02-Dec-2024 16:11:39 UTC] PHP Warning:  Undefined array key "theme" in /var/www/html/wp-content/themes/lilli-by-akira-back/page.php on line 9
[02-Dec-2024 16:11:39 UTC] PHP Warning:  Trying to access array offset on value of type null in /var/www/html/wp-content/themes/lilli-by-akira-back/page.php on line 9
[02-Dec-2024 16:11:39 UTC] PHP Warning:  Undefined array key "theme" in /var/www/html/wp-content/themes/lilli-by-akira-back/page.php on line 10
[02-Dec-2024 16:11:39 UTC] PHP Warning:  Trying to access array offset on value of type null in /var/www/html/wp-content/themes/lilli-by-akira-back/page.php on line 10
[02-Dec-2024 16:12:13 UTC] PHP Warning:  Undefined array key "images" in /var/www/html/wp-content/themes/lilli-by-akira-back/blocks/_block_components/component_bg_media.php on line 14
[02-Dec-2024 16:12:13 UTC] PHP Warning:  Undefined array key "images" in /var/www/html/wp-content/themes/lilli-by-akira-back/blocks/_block_components/component_bg_media.php on line 14
[02-Dec-2024 16:12:19 UTC] PHP Warning:  Undefined array key "images" in /var/www/html/wp-content/themes/lilli-by-akira-back/blocks/_block_components/component_bg_media.php on line 14
[02-Dec-2024 16:12:21 UTC] PHP Warning:  Undefined array key "images" in /var/www/html/wp-content/themes/lilli-by-akira-back/blocks/_block_components/component_bg_media.php on line 14
[02-Dec-2024 16:12:23 UTC] PHP Warning:  Undefined array key "images" in /var/www/html/wp-content/themes/lilli-by-akira-back/blocks/_block_components/component_bg_media.php on line 14
[02-Dec-2024 16:12:24 UTC] PHP Warning:  Undefined array key "theme" in /var/www/html/wp-content/themes/lilli-by-akira-back/page.php on line 7
[02-Dec-2024 16:12:24 UTC] PHP Warning:  Trying to access array offset on value of type null in /var/www/html/wp-content/themes/lilli-by-akira-back/page.php on line 7
[02-Dec-2024 16:12:24 UTC] PHP Warning:  Undefined array key "theme" in /var/www/html/wp-content/themes/lilli-by-akira-back/page.php on line 8
[02-Dec-2024 16:12:24 UTC] PHP Warning:  Trying to access array offset on value of type null in /var/www/html/wp-content/themes/lilli-by-akira-back/page.php on line 8
[02-Dec-2024 16:12:24 UTC] PHP Warning:  Undefined array key "theme" in /var/www/html/wp-content/themes/lilli-by-akira-back/page.php on line 9
[02-Dec-2024 16:12:24 UTC] PHP Warning:  Trying to access array offset on value of type null in /var/www/html/wp-content/themes/lilli-by-akira-back/page.php on line 9
[02-Dec-2024 16:12:24 UTC] PHP Warning:  Undefined array key "theme" in /var/www/html/wp-content/themes/lilli-by-akira-back/page.php on line 10
[02-Dec-2024 16:12:24 UTC] PHP Warning:  Trying to access array offset on value of type null in /var/www/html/wp-content/themes/lilli-by-akira-back/page.php on line 10
[02-Dec-2024 16:12:24 UTC] PHP Warning:  Undefined array key "images" in /var/www/html/wp-content/themes/lilli-by-akira-back/blocks/_block_components/component_bg_media.php on line 14
[02-Dec-2024 16:12:47 UTC] PHP Warning:  Undefined array key "theme" in /var/www/html/wp-content/themes/lilli-by-akira-back/page.php on line 7
[02-Dec-2024 16:12:47 UTC] PHP Warning:  Trying to access array offset on value of type null in /var/www/html/wp-content/themes/lilli-by-akira-back/page.php on line 7
[02-Dec-2024 16:12:48 UTC] PHP Warning:  Undefined array key "theme" in /var/www/html/wp-content/themes/lilli-by-akira-back/page.php on line 8
[02-Dec-2024 16:12:48 UTC] PHP Warning:  Trying to access array offset on value of type null in /var/www/html/wp-content/themes/lilli-by-akira-back/page.php on line 8
[02-Dec-2024 16:12:48 UTC] PHP Warning:  Undefined array key "theme" in /var/www/html/wp-content/themes/lilli-by-akira-back/page.php on line 9
[02-Dec-2024 16:12:48 UTC] PHP Warning:  Trying to access array offset on value of type null in /var/www/html/wp-content/themes/lilli-by-akira-back/page.php on line 9
[02-Dec-2024 16:12:48 UTC] PHP Warning:  Undefined array key "theme" in /var/www/html/wp-content/themes/lilli-by-akira-back/page.php on line 10
[02-Dec-2024 16:12:48 UTC] PHP Warning:  Trying to access array offset on value of type null in /var/www/html/wp-content/themes/lilli-by-akira-back/page.php on line 10
[02-Dec-2024 16:12:48 UTC] PHP Warning:  Undefined array key "images" in /var/www/html/wp-content/themes/lilli-by-akira-back/blocks/_block_components/component_bg_media.php on line 15
[02-Dec-2024 16:13:38 UTC] PHP Warning:  Undefined array key "theme" in /var/www/html/wp-content/themes/lilli-by-akira-back/page.php on line 7
[02-Dec-2024 16:13:38 UTC] PHP Warning:  Trying to access array offset on value of type null in /var/www/html/wp-content/themes/lilli-by-akira-back/page.php on line 7
[02-Dec-2024 16:13:38 UTC] PHP Warning:  Undefined array key "theme" in /var/www/html/wp-content/themes/lilli-by-akira-back/page.php on line 8
[02-Dec-2024 16:13:38 UTC] PHP Warning:  Trying to access array offset on value of type null in /var/www/html/wp-content/themes/lilli-by-akira-back/page.php on line 8
[02-Dec-2024 16:13:38 UTC] PHP Warning:  Undefined array key "theme" in /var/www/html/wp-content/themes/lilli-by-akira-back/page.php on line 9
[02-Dec-2024 16:13:38 UTC] PHP Warning:  Trying to access array offset on value of type null in /var/www/html/wp-content/themes/lilli-by-akira-back/page.php on line 9
[02-Dec-2024 16:13:38 UTC] PHP Warning:  Undefined array key "theme" in /var/www/html/wp-content/themes/lilli-by-akira-back/page.php on line 10
[02-Dec-2024 16:13:38 UTC] PHP Warning:  Trying to access array offset on value of type null in /var/www/html/wp-content/themes/lilli-by-akira-back/page.php on line 10
[02-Dec-2024 16:13:38 UTC] PHP Warning:  Undefined array key "image" in /var/www/html/wp-content/themes/lilli-by-akira-back/blocks/_block_components/component_bg_media.php on line 28
[02-Dec-2024 16:13:38 UTC] PHP Warning:  Undefined variable $values in /var/www/html/wp-content/themes/lilli-by-akira-back/blocks/_block_components/component_bg_media.php on line 30
[02-Dec-2024 16:13:38 UTC] PHP Warning:  Trying to access array offset on value of type null in /var/www/html/wp-content/themes/lilli-by-akira-back/blocks/_block_components/component_bg_media.php on line 30
[02-Dec-2024 16:13:38 UTC] PHP Warning:  Trying to access array offset on value of type bool in /var/www/html/wp-content/themes/lilli-by-akira-back/functions/setup-images.php on line 11
[02-Dec-2024 16:13:38 UTC] PHP Warning:  Trying to access array offset on value of type bool in /var/www/html/wp-content/themes/lilli-by-akira-back/functions/setup-images.php on line 12
[02-Dec-2024 16:13:38 UTC] PHP Warning:  Trying to access array offset on value of type bool in /var/www/html/wp-content/themes/lilli-by-akira-back/functions/setup-images.php on line 13
[02-Dec-2024 16:13:38 UTC] PHP Warning:  Trying to access array offset on value of type bool in /var/www/html/wp-content/themes/lilli-by-akira-back/functions/setup-images.php on line 14
[02-Dec-2024 16:13:38 UTC] PHP Warning:  Trying to access array offset on value of type bool in /var/www/html/wp-content/themes/lilli-by-akira-back/functions/setup-images.php on line 15
[02-Dec-2024 16:13:38 UTC] PHP Warning:  Trying to access array offset on value of type bool in /var/www/html/wp-content/themes/lilli-by-akira-back/functions/setup-images.php on line 16
[02-Dec-2024 16:13:38 UTC] PHP Warning:  Trying to access array offset on value of type bool in /var/www/html/wp-content/themes/lilli-by-akira-back/functions/setup-images.php on line 17
[02-Dec-2024 16:13:38 UTC] PHP Warning:  Trying to access array offset on value of type bool in /var/www/html/wp-content/themes/lilli-by-akira-back/functions/setup-images.php on line 18
[02-Dec-2024 16:13:38 UTC] PHP Warning:  Trying to access array offset on value of type bool in /var/www/html/wp-content/themes/lilli-by-akira-back/functions/setup-images.php on line 19
[02-Dec-2024 16:13:38 UTC] PHP Warning:  Trying to access array offset on value of type bool in /var/www/html/wp-content/themes/lilli-by-akira-back/functions/setup-images.php on line 20
[02-Dec-2024 16:13:38 UTC] PHP Warning:  Trying to access array offset on value of type bool in /var/www/html/wp-content/themes/lilli-by-akira-back/templates/img_sizes.tpl.php on line 25
[02-Dec-2024 16:13:38 UTC] PHP Warning:  Trying to access array offset on value of type bool in /var/www/html/wp-content/themes/lilli-by-akira-back/templates/img_sizes.tpl.php on line 26
[02-Dec-2024 16:14:09 UTC] PHP Warning:  Undefined array key "theme" in /var/www/html/wp-content/themes/lilli-by-akira-back/page.php on line 7
[02-Dec-2024 16:14:09 UTC] PHP Warning:  Trying to access array offset on value of type null in /var/www/html/wp-content/themes/lilli-by-akira-back/page.php on line 7
[02-Dec-2024 16:14:09 UTC] PHP Warning:  Undefined array key "theme" in /var/www/html/wp-content/themes/lilli-by-akira-back/page.php on line 8
[02-Dec-2024 16:14:09 UTC] PHP Warning:  Trying to access array offset on value of type null in /var/www/html/wp-content/themes/lilli-by-akira-back/page.php on line 8
[02-Dec-2024 16:14:09 UTC] PHP Warning:  Undefined array key "theme" in /var/www/html/wp-content/themes/lilli-by-akira-back/page.php on line 9
[02-Dec-2024 16:14:09 UTC] PHP Warning:  Trying to access array offset on value of type null in /var/www/html/wp-content/themes/lilli-by-akira-back/page.php on line 9
[02-Dec-2024 16:14:09 UTC] PHP Warning:  Undefined array key "theme" in /var/www/html/wp-content/themes/lilli-by-akira-back/page.php on line 10
[02-Dec-2024 16:14:09 UTC] PHP Warning:  Trying to access array offset on value of type null in /var/www/html/wp-content/themes/lilli-by-akira-back/page.php on line 10
[02-Dec-2024 16:14:09 UTC] PHP Warning:  Undefined array key "image" in /var/www/html/wp-content/themes/lilli-by-akira-back/blocks/_block_components/component_bg_media.php on line 28
[02-Dec-2024 16:14:09 UTC] PHP Warning:  Undefined variable $values in /var/www/html/wp-content/themes/lilli-by-akira-back/blocks/_block_components/component_bg_media.php on line 31
[02-Dec-2024 16:14:09 UTC] PHP Warning:  Trying to access array offset on value of type null in /var/www/html/wp-content/themes/lilli-by-akira-back/blocks/_block_components/component_bg_media.php on line 31
[02-Dec-2024 16:14:09 UTC] PHP Warning:  Trying to access array offset on value of type bool in /var/www/html/wp-content/themes/lilli-by-akira-back/functions/setup-images.php on line 11
[02-Dec-2024 16:14:09 UTC] PHP Warning:  Trying to access array offset on value of type bool in /var/www/html/wp-content/themes/lilli-by-akira-back/functions/setup-images.php on line 12
[02-Dec-2024 16:14:09 UTC] PHP Warning:  Trying to access array offset on value of type bool in /var/www/html/wp-content/themes/lilli-by-akira-back/functions/setup-images.php on line 13
[02-Dec-2024 16:14:09 UTC] PHP Warning:  Trying to access array offset on value of type bool in /var/www/html/wp-content/themes/lilli-by-akira-back/functions/setup-images.php on line 14
[02-Dec-2024 16:14:09 UTC] PHP Warning:  Trying to access array offset on value of type bool in /var/www/html/wp-content/themes/lilli-by-akira-back/functions/setup-images.php on line 15
[02-Dec-2024 16:14:09 UTC] PHP Warning:  Trying to access array offset on value of type bool in /var/www/html/wp-content/themes/lilli-by-akira-back/functions/setup-images.php on line 16
[02-Dec-2024 16:14:09 UTC] PHP Warning:  Trying to access array offset on value of type bool in /var/www/html/wp-content/themes/lilli-by-akira-back/functions/setup-images.php on line 17
[02-Dec-2024 16:14:09 UTC] PHP Warning:  Trying to access array offset on value of type bool in /var/www/html/wp-content/themes/lilli-by-akira-back/functions/setup-images.php on line 18
[02-Dec-2024 16:14:09 UTC] PHP Warning:  Trying to access array offset on value of type bool in /var/www/html/wp-content/themes/lilli-by-akira-back/functions/setup-images.php on line 19
[02-Dec-2024 16:14:09 UTC] PHP Warning:  Trying to access array offset on value of type bool in /var/www/html/wp-content/themes/lilli-by-akira-back/functions/setup-images.php on line 20
[02-Dec-2024 16:14:09 UTC] PHP Warning:  Trying to access array offset on value of type bool in /var/www/html/wp-content/themes/lilli-by-akira-back/templates/img_sizes.tpl.php on line 25
[02-Dec-2024 16:14:09 UTC] PHP Warning:  Trying to access array offset on value of type bool in /var/www/html/wp-content/themes/lilli-by-akira-back/templates/img_sizes.tpl.php on line 26
[02-Dec-2024 16:14:24 UTC] PHP Warning:  Undefined array key "theme" in /var/www/html/wp-content/themes/lilli-by-akira-back/page.php on line 7
[02-Dec-2024 16:14:24 UTC] PHP Warning:  Trying to access array offset on value of type null in /var/www/html/wp-content/themes/lilli-by-akira-back/page.php on line 7
[02-Dec-2024 16:14:24 UTC] PHP Warning:  Undefined array key "theme" in /var/www/html/wp-content/themes/lilli-by-akira-back/page.php on line 8
[02-Dec-2024 16:14:24 UTC] PHP Warning:  Trying to access array offset on value of type null in /var/www/html/wp-content/themes/lilli-by-akira-back/page.php on line 8
[02-Dec-2024 16:14:24 UTC] PHP Warning:  Undefined array key "theme" in /var/www/html/wp-content/themes/lilli-by-akira-back/page.php on line 9
[02-Dec-2024 16:14:24 UTC] PHP Warning:  Trying to access array offset on value of type null in /var/www/html/wp-content/themes/lilli-by-akira-back/page.php on line 9
[02-Dec-2024 16:14:24 UTC] PHP Warning:  Undefined array key "theme" in /var/www/html/wp-content/themes/lilli-by-akira-back/page.php on line 10
[02-Dec-2024 16:14:24 UTC] PHP Warning:  Trying to access array offset on value of type null in /var/www/html/wp-content/themes/lilli-by-akira-back/page.php on line 10
[02-Dec-2024 16:14:24 UTC] PHP Warning:  Undefined variable $values in /var/www/html/wp-content/themes/lilli-by-akira-back/blocks/_block_components/component_bg_media.php on line 30
[02-Dec-2024 16:14:24 UTC] PHP Warning:  Trying to access array offset on value of type null in /var/www/html/wp-content/themes/lilli-by-akira-back/blocks/_block_components/component_bg_media.php on line 30
[02-Dec-2024 16:17:33 UTC] PHP Warning:  Undefined array key "theme" in /var/www/html/wp-content/themes/lilli-by-akira-back/page.php on line 7
[02-Dec-2024 16:17:33 UTC] PHP Warning:  Trying to access array offset on value of type null in /var/www/html/wp-content/themes/lilli-by-akira-back/page.php on line 7
[02-Dec-2024 16:17:33 UTC] PHP Warning:  Undefined array key "theme" in /var/www/html/wp-content/themes/lilli-by-akira-back/page.php on line 8
[02-Dec-2024 16:17:33 UTC] PHP Warning:  Trying to access array offset on value of type null in /var/www/html/wp-content/themes/lilli-by-akira-back/page.php on line 8
[02-Dec-2024 16:17:33 UTC] PHP Warning:  Undefined array key "theme" in /var/www/html/wp-content/themes/lilli-by-akira-back/page.php on line 9
[02-Dec-2024 16:17:33 UTC] PHP Warning:  Trying to access array offset on value of type null in /var/www/html/wp-content/themes/lilli-by-akira-back/page.php on line 9
[02-Dec-2024 16:17:33 UTC] PHP Warning:  Undefined array key "theme" in /var/www/html/wp-content/themes/lilli-by-akira-back/page.php on line 10
[02-Dec-2024 16:17:33 UTC] PHP Warning:  Trying to access array offset on value of type null in /var/www/html/wp-content/themes/lilli-by-akira-back/page.php on line 10
[02-Dec-2024 16:17:33 UTC] PHP Warning:  Undefined variable $values in /var/www/html/wp-content/themes/lilli-by-akira-back/blocks/_block_components/component_bg_media.php on line 32
[02-Dec-2024 16:17:33 UTC] PHP Warning:  Trying to access array offset on value of type null in /var/www/html/wp-content/themes/lilli-by-akira-back/blocks/_block_components/component_bg_media.php on line 32
[02-Dec-2024 16:18:56 UTC] PHP Warning:  Undefined array key "theme" in /var/www/html/wp-content/themes/lilli-by-akira-back/page.php on line 7
[02-Dec-2024 16:18:56 UTC] PHP Warning:  Trying to access array offset on value of type null in /var/www/html/wp-content/themes/lilli-by-akira-back/page.php on line 7
[02-Dec-2024 16:18:56 UTC] PHP Warning:  Undefined array key "theme" in /var/www/html/wp-content/themes/lilli-by-akira-back/page.php on line 8
[02-Dec-2024 16:18:56 UTC] PHP Warning:  Trying to access array offset on value of type null in /var/www/html/wp-content/themes/lilli-by-akira-back/page.php on line 8
[02-Dec-2024 16:18:56 UTC] PHP Warning:  Undefined array key "theme" in /var/www/html/wp-content/themes/lilli-by-akira-back/page.php on line 9
[02-Dec-2024 16:18:56 UTC] PHP Warning:  Trying to access array offset on value of type null in /var/www/html/wp-content/themes/lilli-by-akira-back/page.php on line 9
[02-Dec-2024 16:18:56 UTC] PHP Warning:  Undefined array key "theme" in /var/www/html/wp-content/themes/lilli-by-akira-back/page.php on line 10
[02-Dec-2024 16:18:56 UTC] PHP Warning:  Trying to access array offset on value of type null in /var/www/html/wp-content/themes/lilli-by-akira-back/page.php on line 10
[02-Dec-2024 16:18:56 UTC] PHP Warning:  Undefined variable $values in /var/www/html/wp-content/themes/lilli-by-akira-back/blocks/_block_components/component_bg_media.php on line 31
[02-Dec-2024 16:18:56 UTC] PHP Warning:  Trying to access array offset on value of type null in /var/www/html/wp-content/themes/lilli-by-akira-back/blocks/_block_components/component_bg_media.php on line 31
[02-Dec-2024 16:21:38 UTC] PHP Warning:  Undefined array key "theme" in /var/www/html/wp-content/themes/lilli-by-akira-back/page.php on line 7
[02-Dec-2024 16:21:38 UTC] PHP Warning:  Trying to access array offset on value of type null in /var/www/html/wp-content/themes/lilli-by-akira-back/page.php on line 7
[02-Dec-2024 16:21:38 UTC] PHP Warning:  Undefined array key "theme" in /var/www/html/wp-content/themes/lilli-by-akira-back/page.php on line 8
[02-Dec-2024 16:21:38 UTC] PHP Warning:  Trying to access array offset on value of type null in /var/www/html/wp-content/themes/lilli-by-akira-back/page.php on line 8
[02-Dec-2024 16:21:38 UTC] PHP Warning:  Undefined array key "theme" in /var/www/html/wp-content/themes/lilli-by-akira-back/page.php on line 9
[02-Dec-2024 16:21:38 UTC] PHP Warning:  Trying to access array offset on value of type null in /var/www/html/wp-content/themes/lilli-by-akira-back/page.php on line 9
[02-Dec-2024 16:21:38 UTC] PHP Warning:  Undefined array key "theme" in /var/www/html/wp-content/themes/lilli-by-akira-back/page.php on line 10
[02-Dec-2024 16:21:38 UTC] PHP Warning:  Trying to access array offset on value of type null in /var/www/html/wp-content/themes/lilli-by-akira-back/page.php on line 10
[02-Dec-2024 16:21:38 UTC] PHP Warning:  Undefined variable $values in /var/www/html/wp-content/themes/lilli-by-akira-back/blocks/_block_components/component_bg_media.php on line 27
[02-Dec-2024 16:21:38 UTC] PHP Warning:  Trying to access array offset on value of type null in /var/www/html/wp-content/themes/lilli-by-akira-back/blocks/_block_components/component_bg_media.php on line 27
[02-Dec-2024 16:22:03 UTC] PHP Warning:  Undefined array key "theme" in /var/www/html/wp-content/themes/lilli-by-akira-back/page.php on line 7
[02-Dec-2024 16:22:04 UTC] PHP Warning:  Trying to access array offset on value of type null in /var/www/html/wp-content/themes/lilli-by-akira-back/page.php on line 7
[02-Dec-2024 16:22:04 UTC] PHP Warning:  Undefined array key "theme" in /var/www/html/wp-content/themes/lilli-by-akira-back/page.php on line 8
[02-Dec-2024 16:22:04 UTC] PHP Warning:  Trying to access array offset on value of type null in /var/www/html/wp-content/themes/lilli-by-akira-back/page.php on line 8
[02-Dec-2024 16:22:04 UTC] PHP Warning:  Undefined array key "theme" in /var/www/html/wp-content/themes/lilli-by-akira-back/page.php on line 9
[02-Dec-2024 16:22:04 UTC] PHP Warning:  Trying to access array offset on value of type null in /var/www/html/wp-content/themes/lilli-by-akira-back/page.php on line 9
[02-Dec-2024 16:22:04 UTC] PHP Warning:  Undefined array key "theme" in /var/www/html/wp-content/themes/lilli-by-akira-back/page.php on line 10
[02-Dec-2024 16:22:04 UTC] PHP Warning:  Trying to access array offset on value of type null in /var/www/html/wp-content/themes/lilli-by-akira-back/page.php on line 10
[02-Dec-2024 16:22:04 UTC] PHP Warning:  Undefined variable $values in /var/www/html/wp-content/themes/lilli-by-akira-back/blocks/_block_components/component_bg_media.php on line 27
[02-Dec-2024 16:22:04 UTC] PHP Warning:  Trying to access array offset on value of type null in /var/www/html/wp-content/themes/lilli-by-akira-back/blocks/_block_components/component_bg_media.php on line 27
[02-Dec-2024 16:22:46 UTC] PHP Warning:  Undefined array key "theme" in /var/www/html/wp-content/themes/lilli-by-akira-back/page.php on line 7
[02-Dec-2024 16:22:46 UTC] PHP Warning:  Trying to access array offset on value of type null in /var/www/html/wp-content/themes/lilli-by-akira-back/page.php on line 7
[02-Dec-2024 16:22:46 UTC] PHP Warning:  Undefined array key "theme" in /var/www/html/wp-content/themes/lilli-by-akira-back/page.php on line 8
[02-Dec-2024 16:22:46 UTC] PHP Warning:  Trying to access array offset on value of type null in /var/www/html/wp-content/themes/lilli-by-akira-back/page.php on line 8
[02-Dec-2024 16:22:46 UTC] PHP Warning:  Undefined array key "theme" in /var/www/html/wp-content/themes/lilli-by-akira-back/page.php on line 9
[02-Dec-2024 16:22:46 UTC] PHP Warning:  Trying to access array offset on value of type null in /var/www/html/wp-content/themes/lilli-by-akira-back/page.php on line 9
[02-Dec-2024 16:22:46 UTC] PHP Warning:  Undefined array key "theme" in /var/www/html/wp-content/themes/lilli-by-akira-back/page.php on line 10
[02-Dec-2024 16:22:46 UTC] PHP Warning:  Trying to access array offset on value of type null in /var/www/html/wp-content/themes/lilli-by-akira-back/page.php on line 10
[02-Dec-2024 16:22:46 UTC] PHP Warning:  Undefined variable $values in /var/www/html/wp-content/themes/lilli-by-akira-back/blocks/_block_components/component_bg_media.php on line 27
[02-Dec-2024 16:22:46 UTC] PHP Warning:  Trying to access array offset on value of type null in /var/www/html/wp-content/themes/lilli-by-akira-back/blocks/_block_components/component_bg_media.php on line 27
[02-Dec-2024 16:25:22 UTC] PHP Warning:  Undefined array key "theme" in /var/www/html/wp-content/themes/lilli-by-akira-back/page.php on line 7
[02-Dec-2024 16:25:22 UTC] PHP Warning:  Trying to access array offset on value of type null in /var/www/html/wp-content/themes/lilli-by-akira-back/page.php on line 7
[02-Dec-2024 16:25:22 UTC] PHP Warning:  Undefined array key "theme" in /var/www/html/wp-content/themes/lilli-by-akira-back/page.php on line 8
[02-Dec-2024 16:25:22 UTC] PHP Warning:  Trying to access array offset on value of type null in /var/www/html/wp-content/themes/lilli-by-akira-back/page.php on line 8
[02-Dec-2024 16:25:22 UTC] PHP Warning:  Undefined array key "theme" in /var/www/html/wp-content/themes/lilli-by-akira-back/page.php on line 9
[02-Dec-2024 16:25:22 UTC] PHP Warning:  Trying to access array offset on value of type null in /var/www/html/wp-content/themes/lilli-by-akira-back/page.php on line 9
[02-Dec-2024 16:25:22 UTC] PHP Warning:  Undefined array key "theme" in /var/www/html/wp-content/themes/lilli-by-akira-back/page.php on line 10
[02-Dec-2024 16:25:22 UTC] PHP Warning:  Trying to access array offset on value of type null in /var/www/html/wp-content/themes/lilli-by-akira-back/page.php on line 10
[02-Dec-2024 16:25:22 UTC] PHP Warning:  Undefined variable $values in /var/www/html/wp-content/themes/lilli-by-akira-back/blocks/_block_components/component_bg_media.php on line 27
[02-Dec-2024 16:25:22 UTC] PHP Warning:  Trying to access array offset on value of type null in /var/www/html/wp-content/themes/lilli-by-akira-back/blocks/_block_components/component_bg_media.php on line 27
[02-Dec-2024 16:25:32 UTC] PHP Warning:  Undefined array key "theme" in /var/www/html/wp-content/themes/lilli-by-akira-back/page.php on line 7
[02-Dec-2024 16:25:32 UTC] PHP Warning:  Trying to access array offset on value of type null in /var/www/html/wp-content/themes/lilli-by-akira-back/page.php on line 7
[02-Dec-2024 16:25:32 UTC] PHP Warning:  Undefined array key "theme" in /var/www/html/wp-content/themes/lilli-by-akira-back/page.php on line 8
[02-Dec-2024 16:25:32 UTC] PHP Warning:  Trying to access array offset on value of type null in /var/www/html/wp-content/themes/lilli-by-akira-back/page.php on line 8
[02-Dec-2024 16:25:32 UTC] PHP Warning:  Undefined array key "theme" in /var/www/html/wp-content/themes/lilli-by-akira-back/page.php on line 9
[02-Dec-2024 16:25:32 UTC] PHP Warning:  Trying to access array offset on value of type null in /var/www/html/wp-content/themes/lilli-by-akira-back/page.php on line 9
[02-Dec-2024 16:25:32 UTC] PHP Warning:  Undefined array key "theme" in /var/www/html/wp-content/themes/lilli-by-akira-back/page.php on line 10
[02-Dec-2024 16:25:32 UTC] PHP Warning:  Trying to access array offset on value of type null in /var/www/html/wp-content/themes/lilli-by-akira-back/page.php on line 10
[02-Dec-2024 16:25:32 UTC] PHP Warning:  Undefined variable $values in /var/www/html/wp-content/themes/lilli-by-akira-back/blocks/_block_components/component_bg_media.php on line 27
[02-Dec-2024 16:25:32 UTC] PHP Warning:  Trying to access array offset on value of type null in /var/www/html/wp-content/themes/lilli-by-akira-back/blocks/_block_components/component_bg_media.php on line 27
[02-Dec-2024 16:25:36 UTC] PHP Warning:  Undefined array key "theme" in /var/www/html/wp-content/themes/lilli-by-akira-back/page.php on line 7
[02-Dec-2024 16:25:36 UTC] PHP Warning:  Trying to access array offset on value of type null in /var/www/html/wp-content/themes/lilli-by-akira-back/page.php on line 7
[02-Dec-2024 16:25:36 UTC] PHP Warning:  Undefined array key "theme" in /var/www/html/wp-content/themes/lilli-by-akira-back/page.php on line 8
[02-Dec-2024 16:25:36 UTC] PHP Warning:  Trying to access array offset on value of type null in /var/www/html/wp-content/themes/lilli-by-akira-back/page.php on line 8
[02-Dec-2024 16:25:36 UTC] PHP Warning:  Undefined array key "theme" in /var/www/html/wp-content/themes/lilli-by-akira-back/page.php on line 9
[02-Dec-2024 16:25:36 UTC] PHP Warning:  Trying to access array offset on value of type null in /var/www/html/wp-content/themes/lilli-by-akira-back/page.php on line 9
[02-Dec-2024 16:25:36 UTC] PHP Warning:  Undefined array key "theme" in /var/www/html/wp-content/themes/lilli-by-akira-back/page.php on line 10
[02-Dec-2024 16:25:36 UTC] PHP Warning:  Trying to access array offset on value of type null in /var/www/html/wp-content/themes/lilli-by-akira-back/page.php on line 10
[02-Dec-2024 16:25:36 UTC] PHP Warning:  Undefined variable $values in /var/www/html/wp-content/themes/lilli-by-akira-back/blocks/_block_components/component_bg_media.php on line 27
[02-Dec-2024 16:25:36 UTC] PHP Warning:  Trying to access array offset on value of type null in /var/www/html/wp-content/themes/lilli-by-akira-back/blocks/_block_components/component_bg_media.php on line 27
[02-Dec-2024 16:31:52 UTC] PHP Warning:  Undefined variable $bg_shade in /var/www/html/wp-content/themes/lilli-by-akira-back/blocks/banner_default/banner_default.php on line 30
[02-Dec-2024 16:31:52 UTC] PHP Warning:  Undefined variable $palette in /var/www/html/wp-content/themes/lilli-by-akira-back/blocks/banner_default/banner_default.php on line 30
[02-Dec-2024 16:31:52 UTC] PHP Warning:  Undefined variable $palette in /var/www/html/wp-content/themes/lilli-by-akira-back/blocks/banner_default/banner_default.php on line 34
[02-Dec-2024 16:31:52 UTC] PHP Warning:  Undefined variable $bg_shade in /var/www/html/wp-content/themes/lilli-by-akira-back/blocks/banner_default/banner_default.php on line 40
[02-Dec-2024 16:31:52 UTC] PHP Warning:  Undefined array key "theme_select" in /var/www/html/wp-content/themes/lilli-by-akira-back/blocks/_block_components/component_background_media.php on line 7
[02-Dec-2024 16:31:52 UTC] PHP Warning:  Undefined array key "background_video" in /var/www/html/wp-content/themes/lilli-by-akira-back/blocks/_block_components/component_background_media.php on line 8
[02-Dec-2024 16:31:52 UTC] PHP Warning:  Undefined variable $themeField in /var/www/html/wp-content/themes/lilli-by-akira-back/blocks/banner_default/banner_default.php on line 47
[02-Dec-2024 16:31:52 UTC] PHP Warning:  Trying to access array offset on value of type null in /var/www/html/wp-content/themes/lilli-by-akira-back/blocks/banner_default/banner_default.php on line 47
[02-Dec-2024 16:31:52 UTC] PHP Warning:  Undefined variable $bg_shade in /var/www/html/wp-content/themes/lilli-by-akira-back/blocks/img_content/img_content.php on line 25
[02-Dec-2024 16:31:52 UTC] PHP Warning:  Undefined variable $palette in /var/www/html/wp-content/themes/lilli-by-akira-back/blocks/img_content/img_content.php on line 25
[02-Dec-2024 16:31:52 UTC] PHP Warning:  Undefined variable $palette in /var/www/html/wp-content/themes/lilli-by-akira-back/blocks/img_content/img_content.php on line 29
[02-Dec-2024 16:31:52 UTC] PHP Warning:  Undefined variable $bg_shade in /var/www/html/wp-content/themes/lilli-by-akira-back/blocks/img_content/img_content.php on line 35
[02-Dec-2024 16:31:52 UTC] PHP Warning:  Undefined array key "theme_select" in /var/www/html/wp-content/themes/lilli-by-akira-back/blocks/_block_components/component_background_media.php on line 7
[02-Dec-2024 16:31:52 UTC] PHP Warning:  Undefined array key "background_video" in /var/www/html/wp-content/themes/lilli-by-akira-back/blocks/_block_components/component_background_media.php on line 8
[02-Dec-2024 16:31:52 UTC] PHP Warning:  Undefined variable $themeField in /var/www/html/wp-content/themes/lilli-by-akira-back/blocks/img_content/img_content.php on line 52
[02-Dec-2024 16:31:52 UTC] PHP Warning:  Trying to access array offset on value of type null in /var/www/html/wp-content/themes/lilli-by-akira-back/blocks/img_content/img_content.php on line 52
[02-Dec-2024 16:31:52 UTC] PHP Warning:  Undefined array key "add_background" in /var/www/html/wp-content/themes/lilli-by-akira-back/blocks/_block_components/component_colors.php on line 7
[02-Dec-2024 16:31:53 UTC] PHP Warning:  Undefined variable $bg_shade in /var/www/html/wp-content/themes/lilli-by-akira-back/blocks/banner_default/banner_default.php on line 30
[02-Dec-2024 16:31:53 UTC] PHP Warning:  Undefined variable $palette in /var/www/html/wp-content/themes/lilli-by-akira-back/blocks/banner_default/banner_default.php on line 30
[02-Dec-2024 16:31:53 UTC] PHP Warning:  Undefined variable $palette in /var/www/html/wp-content/themes/lilli-by-akira-back/blocks/banner_default/banner_default.php on line 34
[02-Dec-2024 16:31:53 UTC] PHP Warning:  Undefined variable $bg_shade in /var/www/html/wp-content/themes/lilli-by-akira-back/blocks/banner_default/banner_default.php on line 40
[02-Dec-2024 16:31:53 UTC] PHP Warning:  Undefined array key "theme_select" in /var/www/html/wp-content/themes/lilli-by-akira-back/blocks/_block_components/component_background_media.php on line 7
[02-Dec-2024 16:31:53 UTC] PHP Warning:  Undefined array key "background_video" in /var/www/html/wp-content/themes/lilli-by-akira-back/blocks/_block_components/component_background_media.php on line 8
[02-Dec-2024 16:31:53 UTC] PHP Warning:  Undefined variable $themeField in /var/www/html/wp-content/themes/lilli-by-akira-back/blocks/banner_default/banner_default.php on line 47
[02-Dec-2024 16:31:53 UTC] PHP Warning:  Trying to access array offset on value of type null in /var/www/html/wp-content/themes/lilli-by-akira-back/blocks/banner_default/banner_default.php on line 47
[02-Dec-2024 16:31:53 UTC] PHP Warning:  Undefined variable $bg_shade in /var/www/html/wp-content/themes/lilli-by-akira-back/blocks/img_content/img_content.php on line 25
[02-Dec-2024 16:31:53 UTC] PHP Warning:  Undefined variable $palette in /var/www/html/wp-content/themes/lilli-by-akira-back/blocks/img_content/img_content.php on line 25
[02-Dec-2024 16:31:53 UTC] PHP Warning:  Undefined variable $palette in /var/www/html/wp-content/themes/lilli-by-akira-back/blocks/img_content/img_content.php on line 29
[02-Dec-2024 16:31:53 UTC] PHP Warning:  Undefined variable $bg_shade in /var/www/html/wp-content/themes/lilli-by-akira-back/blocks/img_content/img_content.php on line 35
[02-Dec-2024 16:31:53 UTC] PHP Warning:  Undefined array key "theme_select" in /var/www/html/wp-content/themes/lilli-by-akira-back/blocks/_block_components/component_background_media.php on line 7
[02-Dec-2024 16:31:53 UTC] PHP Warning:  Undefined array key "background_video" in /var/www/html/wp-content/themes/lilli-by-akira-back/blocks/_block_components/component_background_media.php on line 8
[02-Dec-2024 16:31:53 UTC] PHP Warning:  Undefined variable $themeField in /var/www/html/wp-content/themes/lilli-by-akira-back/blocks/img_content/img_content.php on line 52
[02-Dec-2024 16:31:53 UTC] PHP Warning:  Trying to access array offset on value of type null in /var/www/html/wp-content/themes/lilli-by-akira-back/blocks/img_content/img_content.php on line 52
[02-Dec-2024 16:31:53 UTC] PHP Warning:  Undefined array key "add_background" in /var/www/html/wp-content/themes/lilli-by-akira-back/blocks/_block_components/component_colors.php on line 7
[02-Dec-2024 16:32:01 UTC] PHP Warning:  Undefined variable $bg_shade in /var/www/html/wp-content/themes/lilli-by-akira-back/blocks/banner_default/banner_default.php on line 30
[02-Dec-2024 16:32:01 UTC] PHP Warning:  Undefined variable $palette in /var/www/html/wp-content/themes/lilli-by-akira-back/blocks/banner_default/banner_default.php on line 30
[02-Dec-2024 16:32:01 UTC] PHP Warning:  Undefined variable $palette in /var/www/html/wp-content/themes/lilli-by-akira-back/blocks/banner_default/banner_default.php on line 34
[02-Dec-2024 16:32:01 UTC] PHP Warning:  Undefined variable $bg_shade in /var/www/html/wp-content/themes/lilli-by-akira-back/blocks/banner_default/banner_default.php on line 40
[02-Dec-2024 16:32:01 UTC] PHP Warning:  Undefined array key "theme_select" in /var/www/html/wp-content/themes/lilli-by-akira-back/blocks/_block_components/component_background_media.php on line 7
[02-Dec-2024 16:32:01 UTC] PHP Warning:  Undefined array key "background_video" in /var/www/html/wp-content/themes/lilli-by-akira-back/blocks/_block_components/component_background_media.php on line 8
[02-Dec-2024 16:32:01 UTC] PHP Warning:  Undefined variable $themeField in /var/www/html/wp-content/themes/lilli-by-akira-back/blocks/banner_default/banner_default.php on line 47
[02-Dec-2024 16:32:01 UTC] PHP Warning:  Trying to access array offset on value of type null in /var/www/html/wp-content/themes/lilli-by-akira-back/blocks/banner_default/banner_default.php on line 47
[02-Dec-2024 16:32:01 UTC] PHP Warning:  Undefined variable $bg_shade in /var/www/html/wp-content/themes/lilli-by-akira-back/blocks/img_content/img_content.php on line 25
[02-Dec-2024 16:32:01 UTC] PHP Warning:  Undefined variable $palette in /var/www/html/wp-content/themes/lilli-by-akira-back/blocks/img_content/img_content.php on line 25
[02-Dec-2024 16:32:01 UTC] PHP Warning:  Undefined variable $palette in /var/www/html/wp-content/themes/lilli-by-akira-back/blocks/img_content/img_content.php on line 29
[02-Dec-2024 16:32:01 UTC] PHP Warning:  Undefined variable $bg_shade in /var/www/html/wp-content/themes/lilli-by-akira-back/blocks/img_content/img_content.php on line 35
[02-Dec-2024 16:32:01 UTC] PHP Warning:  Undefined array key "theme_select" in /var/www/html/wp-content/themes/lilli-by-akira-back/blocks/_block_components/component_background_media.php on line 7
[02-Dec-2024 16:32:01 UTC] PHP Warning:  Undefined array key "background_video" in /var/www/html/wp-content/themes/lilli-by-akira-back/blocks/_block_components/component_background_media.php on line 8
[02-Dec-2024 16:32:01 UTC] PHP Warning:  Undefined variable $themeField in /var/www/html/wp-content/themes/lilli-by-akira-back/blocks/img_content/img_content.php on line 52
[02-Dec-2024 16:32:01 UTC] PHP Warning:  Trying to access array offset on value of type null in /var/www/html/wp-content/themes/lilli-by-akira-back/blocks/img_content/img_content.php on line 52
[02-Dec-2024 16:32:02 UTC] PHP Warning:  Undefined array key "add_background" in /var/www/html/wp-content/themes/lilli-by-akira-back/blocks/_block_components/component_colors.php on line 7
[02-Dec-2024 16:32:02 UTC] PHP Warning:  Undefined variable $bg_shade in /var/www/html/wp-content/themes/lilli-by-akira-back/blocks/banner_default/banner_default.php on line 30
[02-Dec-2024 16:32:02 UTC] PHP Warning:  Undefined variable $palette in /var/www/html/wp-content/themes/lilli-by-akira-back/blocks/banner_default/banner_default.php on line 30
[02-Dec-2024 16:32:02 UTC] PHP Warning:  Undefined variable $palette in /var/www/html/wp-content/themes/lilli-by-akira-back/blocks/banner_default/banner_default.php on line 34
[02-Dec-2024 16:32:02 UTC] PHP Warning:  Undefined variable $bg_shade in /var/www/html/wp-content/themes/lilli-by-akira-back/blocks/banner_default/banner_default.php on line 40
[02-Dec-2024 16:32:02 UTC] PHP Warning:  Undefined array key "theme_select" in /var/www/html/wp-content/themes/lilli-by-akira-back/blocks/_block_components/component_background_media.php on line 7
[02-Dec-2024 16:32:02 UTC] PHP Warning:  Undefined array key "background_video" in /var/www/html/wp-content/themes/lilli-by-akira-back/blocks/_block_components/component_background_media.php on line 8
[02-Dec-2024 16:32:02 UTC] PHP Warning:  Undefined variable $themeField in /var/www/html/wp-content/themes/lilli-by-akira-back/blocks/banner_default/banner_default.php on line 47
[02-Dec-2024 16:32:02 UTC] PHP Warning:  Trying to access array offset on value of type null in /var/www/html/wp-content/themes/lilli-by-akira-back/blocks/banner_default/banner_default.php on line 47
[02-Dec-2024 16:32:02 UTC] PHP Warning:  Undefined variable $bg_shade in /var/www/html/wp-content/themes/lilli-by-akira-back/blocks/img_content/img_content.php on line 25
[02-Dec-2024 16:32:02 UTC] PHP Warning:  Undefined variable $palette in /var/www/html/wp-content/themes/lilli-by-akira-back/blocks/img_content/img_content.php on line 25
[02-Dec-2024 16:32:02 UTC] PHP Warning:  Undefined variable $palette in /var/www/html/wp-content/themes/lilli-by-akira-back/blocks/img_content/img_content.php on line 29
[02-Dec-2024 16:32:02 UTC] PHP Warning:  Undefined variable $bg_shade in /var/www/html/wp-content/themes/lilli-by-akira-back/blocks/img_content/img_content.php on line 35
[02-Dec-2024 16:32:02 UTC] PHP Warning:  Undefined array key "theme_select" in /var/www/html/wp-content/themes/lilli-by-akira-back/blocks/_block_components/component_background_media.php on line 7
[02-Dec-2024 16:32:02 UTC] PHP Warning:  Undefined array key "background_video" in /var/www/html/wp-content/themes/lilli-by-akira-back/blocks/_block_components/component_background_media.php on line 8
[02-Dec-2024 16:32:02 UTC] PHP Warning:  Undefined variable $themeField in /var/www/html/wp-content/themes/lilli-by-akira-back/blocks/img_content/img_content.php on line 52
[02-Dec-2024 16:32:02 UTC] PHP Warning:  Trying to access array offset on value of type null in /var/www/html/wp-content/themes/lilli-by-akira-back/blocks/img_content/img_content.php on line 52
[02-Dec-2024 16:32:02 UTC] PHP Warning:  Undefined array key "add_background" in /var/www/html/wp-content/themes/lilli-by-akira-back/blocks/_block_components/component_colors.php on line 7
[02-Dec-2024 16:32:03 UTC] PHP Warning:  Undefined variable $bg_shade in /var/www/html/wp-content/themes/lilli-by-akira-back/blocks/banner_default/banner_default.php on line 30
[02-Dec-2024 16:32:03 UTC] PHP Warning:  Undefined variable $palette in /var/www/html/wp-content/themes/lilli-by-akira-back/blocks/banner_default/banner_default.php on line 30
[02-Dec-2024 16:32:03 UTC] PHP Warning:  Undefined variable $palette in /var/www/html/wp-content/themes/lilli-by-akira-back/blocks/banner_default/banner_default.php on line 34
[02-Dec-2024 16:32:03 UTC] PHP Warning:  Undefined variable $bg_shade in /var/www/html/wp-content/themes/lilli-by-akira-back/blocks/banner_default/banner_default.php on line 40
[02-Dec-2024 16:32:03 UTC] PHP Warning:  Undefined array key "theme_select" in /var/www/html/wp-content/themes/lilli-by-akira-back/blocks/_block_components/component_background_media.php on line 7
[02-Dec-2024 16:32:03 UTC] PHP Warning:  Undefined array key "background_video" in /var/www/html/wp-content/themes/lilli-by-akira-back/blocks/_block_components/component_background_media.php on line 8
[02-Dec-2024 16:32:03 UTC] PHP Warning:  Undefined variable $themeField in /var/www/html/wp-content/themes/lilli-by-akira-back/blocks/banner_default/banner_default.php on line 47
[02-Dec-2024 16:32:03 UTC] PHP Warning:  Trying to access array offset on value of type null in /var/www/html/wp-content/themes/lilli-by-akira-back/blocks/banner_default/banner_default.php on line 47
[02-Dec-2024 16:32:03 UTC] PHP Warning:  Undefined variable $bg_shade in /var/www/html/wp-content/themes/lilli-by-akira-back/blocks/img_content/img_content.php on line 25
[02-Dec-2024 16:32:03 UTC] PHP Warning:  Undefined variable $palette in /var/www/html/wp-content/themes/lilli-by-akira-back/blocks/img_content/img_content.php on line 25
[02-Dec-2024 16:32:03 UTC] PHP Warning:  Undefined variable $palette in /var/www/html/wp-content/themes/lilli-by-akira-back/blocks/img_content/img_content.php on line 29
[02-Dec-2024 16:32:03 UTC] PHP Warning:  Undefined variable $bg_shade in /var/www/html/wp-content/themes/lilli-by-akira-back/blocks/img_content/img_content.php on line 35
[02-Dec-2024 16:32:03 UTC] PHP Warning:  Undefined array key "theme_select" in /var/www/html/wp-content/themes/lilli-by-akira-back/blocks/_block_components/component_background_media.php on line 7
[02-Dec-2024 16:32:03 UTC] PHP Warning:  Undefined array key "background_video" in /var/www/html/wp-content/themes/lilli-by-akira-back/blocks/_block_components/component_background_media.php on line 8
[02-Dec-2024 16:32:03 UTC] PHP Warning:  Undefined variable $themeField in /var/www/html/wp-content/themes/lilli-by-akira-back/blocks/img_content/img_content.php on line 52
[02-Dec-2024 16:32:03 UTC] PHP Warning:  Trying to access array offset on value of type null in /var/www/html/wp-content/themes/lilli-by-akira-back/blocks/img_content/img_content.php on line 52
[02-Dec-2024 16:32:04 UTC] PHP Warning:  Undefined array key "add_background" in /var/www/html/wp-content/themes/lilli-by-akira-back/blocks/_block_components/component_colors.php on line 7
[02-Dec-2024 16:32:04 UTC] PHP Warning:  Undefined variable $bg_shade in /var/www/html/wp-content/themes/lilli-by-akira-back/blocks/banner_default/banner_default.php on line 30
[02-Dec-2024 16:32:04 UTC] PHP Warning:  Undefined variable $palette in /var/www/html/wp-content/themes/lilli-by-akira-back/blocks/banner_default/banner_default.php on line 30
[02-Dec-2024 16:32:04 UTC] PHP Warning:  Undefined variable $palette in /var/www/html/wp-content/themes/lilli-by-akira-back/blocks/banner_default/banner_default.php on line 34
[02-Dec-2024 16:32:04 UTC] PHP Warning:  Undefined variable $bg_shade in /var/www/html/wp-content/themes/lilli-by-akira-back/blocks/banner_default/banner_default.php on line 40
[02-Dec-2024 16:32:04 UTC] PHP Warning:  Undefined array key "theme_select" in /var/www/html/wp-content/themes/lilli-by-akira-back/blocks/_block_components/component_background_media.php on line 7
[02-Dec-2024 16:32:04 UTC] PHP Warning:  Undefined array key "background_video" in /var/www/html/wp-content/themes/lilli-by-akira-back/blocks/_block_components/component_background_media.php on line 8
[02-Dec-2024 16:32:04 UTC] PHP Warning:  Undefined variable $themeField in /var/www/html/wp-content/themes/lilli-by-akira-back/blocks/banner_default/banner_default.php on line 47
[02-Dec-2024 16:32:04 UTC] PHP Warning:  Trying to access array offset on value of type null in /var/www/html/wp-content/themes/lilli-by-akira-back/blocks/banner_default/banner_default.php on line 47
[02-Dec-2024 16:32:04 UTC] PHP Warning:  Undefined variable $bg_shade in /var/www/html/wp-content/themes/lilli-by-akira-back/blocks/img_content/img_content.php on line 25
[02-Dec-2024 16:32:04 UTC] PHP Warning:  Undefined variable $palette in /var/www/html/wp-content/themes/lilli-by-akira-back/blocks/img_content/img_content.php on line 25
[02-Dec-2024 16:32:04 UTC] PHP Warning:  Undefined variable $palette in /var/www/html/wp-content/themes/lilli-by-akira-back/blocks/img_content/img_content.php on line 29
[02-Dec-2024 16:32:04 UTC] PHP Warning:  Undefined variable $bg_shade in /var/www/html/wp-content/themes/lilli-by-akira-back/blocks/img_content/img_content.php on line 35
[02-Dec-2024 16:32:04 UTC] PHP Warning:  Undefined array key "theme_select" in /var/www/html/wp-content/themes/lilli-by-akira-back/blocks/_block_components/component_background_media.php on line 7
[02-Dec-2024 16:32:04 UTC] PHP Warning:  Undefined array key "background_video" in /var/www/html/wp-content/themes/lilli-by-akira-back/blocks/_block_components/component_background_media.php on line 8
[02-Dec-2024 16:32:04 UTC] PHP Warning:  Undefined variable $themeField in /var/www/html/wp-content/themes/lilli-by-akira-back/blocks/img_content/img_content.php on line 52
[02-Dec-2024 16:32:04 UTC] PHP Warning:  Trying to access array offset on value of type null in /var/www/html/wp-content/themes/lilli-by-akira-back/blocks/img_content/img_content.php on line 52
[02-Dec-2024 16:32:04 UTC] PHP Warning:  Undefined array key "add_background" in /var/www/html/wp-content/themes/lilli-by-akira-back/blocks/_block_components/component_colors.php on line 7
[02-Dec-2024 16:32:46 UTC] PHP Warning:  Undefined variable $bg_shade in /var/www/html/wp-content/themes/lilli-by-akira-back/blocks/banner_default/banner_default.php on line 30
[02-Dec-2024 16:32:46 UTC] PHP Warning:  Undefined variable $palette in /var/www/html/wp-content/themes/lilli-by-akira-back/blocks/banner_default/banner_default.php on line 30
[02-Dec-2024 16:32:46 UTC] PHP Warning:  Undefined variable $palette in /var/www/html/wp-content/themes/lilli-by-akira-back/blocks/banner_default/banner_default.php on line 34
[02-Dec-2024 16:32:46 UTC] PHP Warning:  Undefined variable $bg_shade in /var/www/html/wp-content/themes/lilli-by-akira-back/blocks/banner_default/banner_default.php on line 40
[02-Dec-2024 16:32:46 UTC] PHP Warning:  Undefined array key "theme_select" in /var/www/html/wp-content/themes/lilli-by-akira-back/blocks/_block_components/component_background_media.php on line 7
[02-Dec-2024 16:32:46 UTC] PHP Warning:  Undefined array key "background_video" in /var/www/html/wp-content/themes/lilli-by-akira-back/blocks/_block_components/component_background_media.php on line 8
[02-Dec-2024 16:32:46 UTC] PHP Warning:  Undefined variable $themeField in /var/www/html/wp-content/themes/lilli-by-akira-back/blocks/banner_default/banner_default.php on line 47
[02-Dec-2024 16:32:46 UTC] PHP Warning:  Trying to access array offset on value of type null in /var/www/html/wp-content/themes/lilli-by-akira-back/blocks/banner_default/banner_default.php on line 47
[02-Dec-2024 16:32:46 UTC] PHP Warning:  Undefined variable $bg_shade in /var/www/html/wp-content/themes/lilli-by-akira-back/blocks/img_content/img_content.php on line 25
[02-Dec-2024 16:32:46 UTC] PHP Warning:  Undefined variable $palette in /var/www/html/wp-content/themes/lilli-by-akira-back/blocks/img_content/img_content.php on line 25
[02-Dec-2024 16:32:46 UTC] PHP Warning:  Undefined variable $palette in /var/www/html/wp-content/themes/lilli-by-akira-back/blocks/img_content/img_content.php on line 29
[02-Dec-2024 16:32:46 UTC] PHP Warning:  Undefined variable $bg_shade in /var/www/html/wp-content/themes/lilli-by-akira-back/blocks/img_content/img_content.php on line 35
[02-Dec-2024 16:32:46 UTC] PHP Warning:  Undefined array key "theme_select" in /var/www/html/wp-content/themes/lilli-by-akira-back/blocks/_block_components/component_background_media.php on line 7
[02-Dec-2024 16:32:46 UTC] PHP Warning:  Undefined array key "background_video" in /var/www/html/wp-content/themes/lilli-by-akira-back/blocks/_block_components/component_background_media.php on line 8
[02-Dec-2024 16:32:46 UTC] PHP Warning:  Undefined variable $themeField in /var/www/html/wp-content/themes/lilli-by-akira-back/blocks/img_content/img_content.php on line 52
[02-Dec-2024 16:32:46 UTC] PHP Warning:  Trying to access array offset on value of type null in /var/www/html/wp-content/themes/lilli-by-akira-back/blocks/img_content/img_content.php on line 52
[02-Dec-2024 16:32:46 UTC] PHP Warning:  Undefined array key "add_background" in /var/www/html/wp-content/themes/lilli-by-akira-back/blocks/_block_components/component_colors.php on line 7
[02-Dec-2024 16:32:46 UTC] PHP Warning:  Undefined variable $bg_shade in /var/www/html/wp-content/themes/lilli-by-akira-back/blocks/banner_default/banner_default.php on line 30
[02-Dec-2024 16:32:46 UTC] PHP Warning:  Undefined variable $palette in /var/www/html/wp-content/themes/lilli-by-akira-back/blocks/banner_default/banner_default.php on line 30
[02-Dec-2024 16:32:46 UTC] PHP Warning:  Undefined variable $palette in /var/www/html/wp-content/themes/lilli-by-akira-back/blocks/banner_default/banner_default.php on line 34
[02-Dec-2024 16:32:46 UTC] PHP Warning:  Undefined variable $bg_shade in /var/www/html/wp-content/themes/lilli-by-akira-back/blocks/banner_default/banner_default.php on line 40
[02-Dec-2024 16:32:46 UTC] PHP Warning:  Undefined array key "theme_select" in /var/www/html/wp-content/themes/lilli-by-akira-back/blocks/_block_components/component_background_media.php on line 7
[02-Dec-2024 16:32:46 UTC] PHP Warning:  Undefined array key "background_video" in /var/www/html/wp-content/themes/lilli-by-akira-back/blocks/_block_components/component_background_media.php on line 8
[02-Dec-2024 16:32:46 UTC] PHP Warning:  Undefined variable $themeField in /var/www/html/wp-content/themes/lilli-by-akira-back/blocks/banner_default/banner_default.php on line 47
[02-Dec-2024 16:32:46 UTC] PHP Warning:  Trying to access array offset on value of type null in /var/www/html/wp-content/themes/lilli-by-akira-back/blocks/banner_default/banner_default.php on line 47
[02-Dec-2024 16:32:46 UTC] PHP Warning:  Undefined variable $bg_shade in /var/www/html/wp-content/themes/lilli-by-akira-back/blocks/img_content/img_content.php on line 25
[02-Dec-2024 16:32:46 UTC] PHP Warning:  Undefined variable $palette in /var/www/html/wp-content/themes/lilli-by-akira-back/blocks/img_content/img_content.php on line 25
[02-Dec-2024 16:32:46 UTC] PHP Warning:  Undefined variable $palette in /var/www/html/wp-content/themes/lilli-by-akira-back/blocks/img_content/img_content.php on line 29
[02-Dec-2024 16:32:46 UTC] PHP Warning:  Undefined variable $bg_shade in /var/www/html/wp-content/themes/lilli-by-akira-back/blocks/img_content/img_content.php on line 35
[02-Dec-2024 16:32:46 UTC] PHP Warning:  Undefined array key "theme_select" in /var/www/html/wp-content/themes/lilli-by-akira-back/blocks/_block_components/component_background_media.php on line 7
[02-Dec-2024 16:32:46 UTC] PHP Warning:  Undefined array key "background_video" in /var/www/html/wp-content/themes/lilli-by-akira-back/blocks/_block_components/component_background_media.php on line 8
[02-Dec-2024 16:32:46 UTC] PHP Warning:  Undefined variable $themeField in /var/www/html/wp-content/themes/lilli-by-akira-back/blocks/img_content/img_content.php on line 52
[02-Dec-2024 16:32:46 UTC] PHP Warning:  Trying to access array offset on value of type null in /var/www/html/wp-content/themes/lilli-by-akira-back/blocks/img_content/img_content.php on line 52
[02-Dec-2024 16:32:47 UTC] PHP Warning:  Undefined array key "add_background" in /var/www/html/wp-content/themes/lilli-by-akira-back/blocks/_block_components/component_colors.php on line 7
[02-Dec-2024 16:33:38 UTC] PHP Warning:  Undefined variable $bg_shade in /var/www/html/wp-content/themes/lilli-by-akira-back/blocks/banner_default/banner_default.php on line 30
[02-Dec-2024 16:33:38 UTC] PHP Warning:  Undefined variable $palette in /var/www/html/wp-content/themes/lilli-by-akira-back/blocks/banner_default/banner_default.php on line 30
[02-Dec-2024 16:33:38 UTC] PHP Warning:  Undefined variable $palette in /var/www/html/wp-content/themes/lilli-by-akira-back/blocks/banner_default/banner_default.php on line 34
[02-Dec-2024 16:33:38 UTC] PHP Warning:  Undefined variable $bg_shade in /var/www/html/wp-content/themes/lilli-by-akira-back/blocks/banner_default/banner_default.php on line 40
[02-Dec-2024 16:33:38 UTC] PHP Warning:  Undefined array key "theme_select" in /var/www/html/wp-content/themes/lilli-by-akira-back/blocks/_block_components/component_background_media.php on line 7
[02-Dec-2024 16:33:38 UTC] PHP Warning:  Undefined array key "background_video" in /var/www/html/wp-content/themes/lilli-by-akira-back/blocks/_block_components/component_background_media.php on line 8
[02-Dec-2024 16:33:38 UTC] PHP Warning:  Undefined variable $themeField in /var/www/html/wp-content/themes/lilli-by-akira-back/blocks/banner_default/banner_default.php on line 47
[02-Dec-2024 16:33:38 UTC] PHP Warning:  Trying to access array offset on value of type null in /var/www/html/wp-content/themes/lilli-by-akira-back/blocks/banner_default/banner_default.php on line 47
[02-Dec-2024 16:33:38 UTC] PHP Warning:  Undefined variable $bg_shade in /var/www/html/wp-content/themes/lilli-by-akira-back/blocks/img_content/img_content.php on line 25
[02-Dec-2024 16:33:38 UTC] PHP Warning:  Undefined variable $palette in /var/www/html/wp-content/themes/lilli-by-akira-back/blocks/img_content/img_content.php on line 25
[02-Dec-2024 16:33:38 UTC] PHP Warning:  Undefined variable $palette in /var/www/html/wp-content/themes/lilli-by-akira-back/blocks/img_content/img_content.php on line 29
[02-Dec-2024 16:33:38 UTC] PHP Warning:  Undefined variable $bg_shade in /var/www/html/wp-content/themes/lilli-by-akira-back/blocks/img_content/img_content.php on line 35
[02-Dec-2024 16:33:38 UTC] PHP Warning:  Undefined array key "theme_select" in /var/www/html/wp-content/themes/lilli-by-akira-back/blocks/_block_components/component_background_media.php on line 7
[02-Dec-2024 16:33:38 UTC] PHP Warning:  Undefined array key "background_video" in /var/www/html/wp-content/themes/lilli-by-akira-back/blocks/_block_components/component_background_media.php on line 8
[02-Dec-2024 16:33:38 UTC] PHP Warning:  Undefined variable $themeField in /var/www/html/wp-content/themes/lilli-by-akira-back/blocks/img_content/img_content.php on line 52
[02-Dec-2024 16:33:38 UTC] PHP Warning:  Trying to access array offset on value of type null in /var/www/html/wp-content/themes/lilli-by-akira-back/blocks/img_content/img_content.php on line 52
[02-Dec-2024 16:33:38 UTC] PHP Warning:  Undefined array key "add_background" in /var/www/html/wp-content/themes/lilli-by-akira-back/blocks/_block_components/component_colors.php on line 7
[02-Dec-2024 16:33:38 UTC] PHP Warning:  Undefined variable $bg_shade in /var/www/html/wp-content/themes/lilli-by-akira-back/blocks/banner_default/banner_default.php on line 30
[02-Dec-2024 16:33:38 UTC] PHP Warning:  Undefined variable $palette in /var/www/html/wp-content/themes/lilli-by-akira-back/blocks/banner_default/banner_default.php on line 30
[02-Dec-2024 16:33:38 UTC] PHP Warning:  Undefined variable $palette in /var/www/html/wp-content/themes/lilli-by-akira-back/blocks/banner_default/banner_default.php on line 34
[02-Dec-2024 16:33:38 UTC] PHP Warning:  Undefined variable $bg_shade in /var/www/html/wp-content/themes/lilli-by-akira-back/blocks/banner_default/banner_default.php on line 40
[02-Dec-2024 16:33:38 UTC] PHP Warning:  Undefined array key "theme_select" in /var/www/html/wp-content/themes/lilli-by-akira-back/blocks/_block_components/component_background_media.php on line 7
[02-Dec-2024 16:33:38 UTC] PHP Warning:  Undefined array key "background_video" in /var/www/html/wp-content/themes/lilli-by-akira-back/blocks/_block_components/component_background_media.php on line 8
[02-Dec-2024 16:33:38 UTC] PHP Warning:  Undefined variable $themeField in /var/www/html/wp-content/themes/lilli-by-akira-back/blocks/banner_default/banner_default.php on line 47
[02-Dec-2024 16:33:38 UTC] PHP Warning:  Trying to access array offset on value of type null in /var/www/html/wp-content/themes/lilli-by-akira-back/blocks/banner_default/banner_default.php on line 47
[02-Dec-2024 16:33:38 UTC] PHP Warning:  Undefined variable $bg_shade in /var/www/html/wp-content/themes/lilli-by-akira-back/blocks/img_content/img_content.php on line 25
[02-Dec-2024 16:33:38 UTC] PHP Warning:  Undefined variable $palette in /var/www/html/wp-content/themes/lilli-by-akira-back/blocks/img_content/img_content.php on line 25
[02-Dec-2024 16:33:38 UTC] PHP Warning:  Undefined variable $palette in /var/www/html/wp-content/themes/lilli-by-akira-back/blocks/img_content/img_content.php on line 29
[02-Dec-2024 16:33:38 UTC] PHP Warning:  Undefined variable $bg_shade in /var/www/html/wp-content/themes/lilli-by-akira-back/blocks/img_content/img_content.php on line 35
[02-Dec-2024 16:33:38 UTC] PHP Warning:  Undefined array key "theme_select" in /var/www/html/wp-content/themes/lilli-by-akira-back/blocks/_block_components/component_background_media.php on line 7
[02-Dec-2024 16:33:38 UTC] PHP Warning:  Undefined array key "background_video" in /var/www/html/wp-content/themes/lilli-by-akira-back/blocks/_block_components/component_background_media.php on line 8
[02-Dec-2024 16:33:38 UTC] PHP Warning:  Undefined variable $themeField in /var/www/html/wp-content/themes/lilli-by-akira-back/blocks/img_content/img_content.php on line 52
[02-Dec-2024 16:33:38 UTC] PHP Warning:  Trying to access array offset on value of type null in /var/www/html/wp-content/themes/lilli-by-akira-back/blocks/img_content/img_content.php on line 52
[02-Dec-2024 16:33:39 UTC] PHP Warning:  Undefined array key "add_background" in /var/www/html/wp-content/themes/lilli-by-akira-back/blocks/_block_components/component_colors.php on line 7
[02-Dec-2024 16:35:37 UTC] PHP Warning:  Undefined variable $bg_shade in /var/www/html/wp-content/themes/lilli-by-akira-back/blocks/banner_default/banner_default.php on line 30
[02-Dec-2024 16:35:37 UTC] PHP Warning:  Undefined variable $palette in /var/www/html/wp-content/themes/lilli-by-akira-back/blocks/banner_default/banner_default.php on line 30
[02-Dec-2024 16:35:37 UTC] PHP Warning:  Undefined variable $palette in /var/www/html/wp-content/themes/lilli-by-akira-back/blocks/banner_default/banner_default.php on line 34
[02-Dec-2024 16:35:37 UTC] PHP Warning:  Undefined variable $bg_shade in /var/www/html/wp-content/themes/lilli-by-akira-back/blocks/banner_default/banner_default.php on line 40
[02-Dec-2024 16:35:37 UTC] PHP Warning:  Undefined array key "theme_select" in /var/www/html/wp-content/themes/lilli-by-akira-back/blocks/_block_components/component_background_media.php on line 7
[02-Dec-2024 16:35:37 UTC] PHP Warning:  Undefined array key "background_video" in /var/www/html/wp-content/themes/lilli-by-akira-back/blocks/_block_components/component_background_media.php on line 8
[02-Dec-2024 16:35:37 UTC] PHP Warning:  Undefined variable $themeField in /var/www/html/wp-content/themes/lilli-by-akira-back/blocks/banner_default/banner_default.php on line 47
[02-Dec-2024 16:35:37 UTC] PHP Warning:  Trying to access array offset on value of type null in /var/www/html/wp-content/themes/lilli-by-akira-back/blocks/banner_default/banner_default.php on line 47
[02-Dec-2024 16:35:37 UTC] PHP Warning:  Undefined variable $bg_shade in /var/www/html/wp-content/themes/lilli-by-akira-back/blocks/img_content/img_content.php on line 25
[02-Dec-2024 16:35:37 UTC] PHP Warning:  Undefined variable $palette in /var/www/html/wp-content/themes/lilli-by-akira-back/blocks/img_content/img_content.php on line 25
[02-Dec-2024 16:35:37 UTC] PHP Warning:  Undefined variable $palette in /var/www/html/wp-content/themes/lilli-by-akira-back/blocks/img_content/img_content.php on line 29
[02-Dec-2024 16:35:37 UTC] PHP Warning:  Undefined variable $bg_shade in /var/www/html/wp-content/themes/lilli-by-akira-back/blocks/img_content/img_content.php on line 35
[02-Dec-2024 16:35:37 UTC] PHP Warning:  Undefined array key "theme_select" in /var/www/html/wp-content/themes/lilli-by-akira-back/blocks/_block_components/component_background_media.php on line 7
[02-Dec-2024 16:35:37 UTC] PHP Warning:  Undefined array key "background_video" in /var/www/html/wp-content/themes/lilli-by-akira-back/blocks/_block_components/component_background_media.php on line 8
[02-Dec-2024 16:35:37 UTC] PHP Warning:  Undefined variable $themeField in /var/www/html/wp-content/themes/lilli-by-akira-back/blocks/img_content/img_content.php on line 52
[02-Dec-2024 16:35:37 UTC] PHP Warning:  Trying to access array offset on value of type null in /var/www/html/wp-content/themes/lilli-by-akira-back/blocks/img_content/img_content.php on line 52
[02-Dec-2024 16:35:38 UTC] PHP Warning:  Undefined array key "add_background" in /var/www/html/wp-content/themes/lilli-by-akira-back/blocks/_block_components/component_colors.php on line 7
[02-Dec-2024 16:35:38 UTC] PHP Warning:  Undefined variable $bg_shade in /var/www/html/wp-content/themes/lilli-by-akira-back/blocks/banner_default/banner_default.php on line 30
[02-Dec-2024 16:35:38 UTC] PHP Warning:  Undefined variable $palette in /var/www/html/wp-content/themes/lilli-by-akira-back/blocks/banner_default/banner_default.php on line 30
[02-Dec-2024 16:35:38 UTC] PHP Warning:  Undefined variable $palette in /var/www/html/wp-content/themes/lilli-by-akira-back/blocks/banner_default/banner_default.php on line 34
[02-Dec-2024 16:35:38 UTC] PHP Warning:  Undefined variable $bg_shade in /var/www/html/wp-content/themes/lilli-by-akira-back/blocks/banner_default/banner_default.php on line 40
[02-Dec-2024 16:35:38 UTC] PHP Warning:  Undefined array key "theme_select" in /var/www/html/wp-content/themes/lilli-by-akira-back/blocks/_block_components/component_background_media.php on line 7
[02-Dec-2024 16:35:38 UTC] PHP Warning:  Undefined array key "background_video" in /var/www/html/wp-content/themes/lilli-by-akira-back/blocks/_block_components/component_background_media.php on line 8
[02-Dec-2024 16:35:38 UTC] PHP Warning:  Undefined variable $themeField in /var/www/html/wp-content/themes/lilli-by-akira-back/blocks/banner_default/banner_default.php on line 47
[02-Dec-2024 16:35:38 UTC] PHP Warning:  Trying to access array offset on value of type null in /var/www/html/wp-content/themes/lilli-by-akira-back/blocks/banner_default/banner_default.php on line 47
[02-Dec-2024 16:35:38 UTC] PHP Warning:  Undefined variable $bg_shade in /var/www/html/wp-content/themes/lilli-by-akira-back/blocks/img_content/img_content.php on line 25
[02-Dec-2024 16:35:38 UTC] PHP Warning:  Undefined variable $palette in /var/www/html/wp-content/themes/lilli-by-akira-back/blocks/img_content/img_content.php on line 25
[02-Dec-2024 16:35:38 UTC] PHP Warning:  Undefined variable $palette in /var/www/html/wp-content/themes/lilli-by-akira-back/blocks/img_content/img_content.php on line 29
[02-Dec-2024 16:35:38 UTC] PHP Warning:  Undefined variable $bg_shade in /var/www/html/wp-content/themes/lilli-by-akira-back/blocks/img_content/img_content.php on line 35
[02-Dec-2024 16:35:38 UTC] PHP Warning:  Undefined array key "theme_select" in /var/www/html/wp-content/themes/lilli-by-akira-back/blocks/_block_components/component_background_media.php on line 7
[02-Dec-2024 16:35:38 UTC] PHP Warning:  Undefined array key "background_video" in /var/www/html/wp-content/themes/lilli-by-akira-back/blocks/_block_components/component_background_media.php on line 8
[02-Dec-2024 16:35:38 UTC] PHP Warning:  Undefined variable $themeField in /var/www/html/wp-content/themes/lilli-by-akira-back/blocks/img_content/img_content.php on line 52
[02-Dec-2024 16:35:38 UTC] PHP Warning:  Trying to access array offset on value of type null in /var/www/html/wp-content/themes/lilli-by-akira-back/blocks/img_content/img_content.php on line 52
[02-Dec-2024 16:35:38 UTC] PHP Warning:  Undefined array key "add_background" in /var/www/html/wp-content/themes/lilli-by-akira-back/blocks/_block_components/component_colors.php on line 7
[02-Dec-2024 16:36:00 UTC] PHP Warning:  Undefined variable $bg_shade in /var/www/html/wp-content/themes/lilli-by-akira-back/blocks/banner_default/banner_default.php on line 30
[02-Dec-2024 16:36:00 UTC] PHP Warning:  Undefined variable $palette in /var/www/html/wp-content/themes/lilli-by-akira-back/blocks/banner_default/banner_default.php on line 30
[02-Dec-2024 16:36:00 UTC] PHP Warning:  Undefined variable $palette in /var/www/html/wp-content/themes/lilli-by-akira-back/blocks/banner_default/banner_default.php on line 34
[02-Dec-2024 16:36:00 UTC] PHP Warning:  Undefined variable $bg_shade in /var/www/html/wp-content/themes/lilli-by-akira-back/blocks/banner_default/banner_default.php on line 40
[02-Dec-2024 16:36:00 UTC] PHP Warning:  Undefined array key "theme_select" in /var/www/html/wp-content/themes/lilli-by-akira-back/blocks/_block_components/component_background_media.php on line 7
[02-Dec-2024 16:36:00 UTC] PHP Warning:  Undefined array key "background_video" in /var/www/html/wp-content/themes/lilli-by-akira-back/blocks/_block_components/component_background_media.php on line 8
[02-Dec-2024 16:36:00 UTC] PHP Warning:  Undefined variable $themeField in /var/www/html/wp-content/themes/lilli-by-akira-back/blocks/banner_default/banner_default.php on line 47
[02-Dec-2024 16:36:00 UTC] PHP Warning:  Trying to access array offset on value of type null in /var/www/html/wp-content/themes/lilli-by-akira-back/blocks/banner_default/banner_default.php on line 47
[02-Dec-2024 16:36:00 UTC] PHP Warning:  Undefined variable $bg_shade in /var/www/html/wp-content/themes/lilli-by-akira-back/blocks/img_content/img_content.php on line 25
[02-Dec-2024 16:36:00 UTC] PHP Warning:  Undefined variable $palette in /var/www/html/wp-content/themes/lilli-by-akira-back/blocks/img_content/img_content.php on line 25
[02-Dec-2024 16:36:00 UTC] PHP Warning:  Undefined variable $palette in /var/www/html/wp-content/themes/lilli-by-akira-back/blocks/img_content/img_content.php on line 29
[02-Dec-2024 16:36:00 UTC] PHP Warning:  Undefined variable $bg_shade in /var/www/html/wp-content/themes/lilli-by-akira-back/blocks/img_content/img_content.php on line 35
[02-Dec-2024 16:36:00 UTC] PHP Warning:  Undefined array key "theme_select" in /var/www/html/wp-content/themes/lilli-by-akira-back/blocks/_block_components/component_background_media.php on line 7
[02-Dec-2024 16:36:00 UTC] PHP Warning:  Undefined array key "background_video" in /var/www/html/wp-content/themes/lilli-by-akira-back/blocks/_block_components/component_background_media.php on line 8
[02-Dec-2024 16:36:00 UTC] PHP Warning:  Undefined variable $themeField in /var/www/html/wp-content/themes/lilli-by-akira-back/blocks/img_content/img_content.php on line 52
[02-Dec-2024 16:36:00 UTC] PHP Warning:  Trying to access array offset on value of type null in /var/www/html/wp-content/themes/lilli-by-akira-back/blocks/img_content/img_content.php on line 52
[02-Dec-2024 16:36:00 UTC] PHP Warning:  Undefined array key "add_background" in /var/www/html/wp-content/themes/lilli-by-akira-back/blocks/_block_components/component_colors.php on line 7
[02-Dec-2024 16:36:02 UTC] PHP Warning:  Undefined array key "add_background" in /var/www/html/wp-content/themes/lilli-by-akira-back/blocks/_block_components/component_colors.php on line 7
[02-Dec-2024 16:36:02 UTC] PHP Warning:  Undefined variable $values in /var/www/html/wp-content/themes/lilli-by-akira-back/blocks/_block_components/component_bg_media.php on line 27
[02-Dec-2024 16:36:02 UTC] PHP Warning:  Trying to access array offset on value of type null in /var/www/html/wp-content/themes/lilli-by-akira-back/blocks/_block_components/component_bg_media.php on line 27
[02-Dec-2024 16:36:02 UTC] PHP Warning:  Undefined variable $bg_shade in /var/www/html/wp-content/themes/lilli-by-akira-back/blocks/banner_default/banner_default.php on line 30
[02-Dec-2024 16:36:02 UTC] PHP Warning:  Undefined variable $palette in /var/www/html/wp-content/themes/lilli-by-akira-back/blocks/banner_default/banner_default.php on line 30
[02-Dec-2024 16:36:02 UTC] PHP Warning:  Undefined variable $palette in /var/www/html/wp-content/themes/lilli-by-akira-back/blocks/banner_default/banner_default.php on line 34
[02-Dec-2024 16:36:02 UTC] PHP Warning:  Undefined variable $bg_shade in /var/www/html/wp-content/themes/lilli-by-akira-back/blocks/banner_default/banner_default.php on line 40
[02-Dec-2024 16:36:02 UTC] PHP Warning:  Undefined array key "theme_select" in /var/www/html/wp-content/themes/lilli-by-akira-back/blocks/_block_components/component_background_media.php on line 7
[02-Dec-2024 16:36:02 UTC] PHP Warning:  Undefined array key "background_video" in /var/www/html/wp-content/themes/lilli-by-akira-back/blocks/_block_components/component_background_media.php on line 8
[02-Dec-2024 16:36:02 UTC] PHP Warning:  Undefined variable $themeField in /var/www/html/wp-content/themes/lilli-by-akira-back/blocks/banner_default/banner_default.php on line 47
[02-Dec-2024 16:36:02 UTC] PHP Warning:  Trying to access array offset on value of type null in /var/www/html/wp-content/themes/lilli-by-akira-back/blocks/banner_default/banner_default.php on line 47
[02-Dec-2024 16:36:02 UTC] PHP Warning:  Undefined variable $bg_shade in /var/www/html/wp-content/themes/lilli-by-akira-back/blocks/img_content/img_content.php on line 25
[02-Dec-2024 16:36:02 UTC] PHP Warning:  Undefined variable $palette in /var/www/html/wp-content/themes/lilli-by-akira-back/blocks/img_content/img_content.php on line 25
[02-Dec-2024 16:36:02 UTC] PHP Warning:  Undefined variable $palette in /var/www/html/wp-content/themes/lilli-by-akira-back/blocks/img_content/img_content.php on line 29
[02-Dec-2024 16:36:02 UTC] PHP Warning:  Undefined variable $bg_shade in /var/www/html/wp-content/themes/lilli-by-akira-back/blocks/img_content/img_content.php on line 35
[02-Dec-2024 16:36:02 UTC] PHP Warning:  Undefined array key "theme_select" in /var/www/html/wp-content/themes/lilli-by-akira-back/blocks/_block_components/component_background_media.php on line 7
[02-Dec-2024 16:36:03 UTC] PHP Warning:  Undefined array key "background_video" in /var/www/html/wp-content/themes/lilli-by-akira-back/blocks/_block_components/component_background_media.php on line 8
[02-Dec-2024 16:36:03 UTC] PHP Warning:  Undefined variable $themeField in /var/www/html/wp-content/themes/lilli-by-akira-back/blocks/img_content/img_content.php on line 52
[02-Dec-2024 16:36:03 UTC] PHP Warning:  Trying to access array offset on value of type null in /var/www/html/wp-content/themes/lilli-by-akira-back/blocks/img_content/img_content.php on line 52
[02-Dec-2024 16:36:03 UTC] PHP Warning:  Undefined array key "add_background" in /var/www/html/wp-content/themes/lilli-by-akira-back/blocks/_block_components/component_colors.php on line 7
[02-Dec-2024 16:36:04 UTC] PHP Warning:  Undefined variable $bg_shade in /var/www/html/wp-content/themes/lilli-by-akira-back/blocks/banner_default/banner_default.php on line 30
[02-Dec-2024 16:36:04 UTC] PHP Warning:  Undefined variable $palette in /var/www/html/wp-content/themes/lilli-by-akira-back/blocks/banner_default/banner_default.php on line 30
[02-Dec-2024 16:36:04 UTC] PHP Warning:  Undefined variable $palette in /var/www/html/wp-content/themes/lilli-by-akira-back/blocks/banner_default/banner_default.php on line 34
[02-Dec-2024 16:36:04 UTC] PHP Warning:  Undefined variable $bg_shade in /var/www/html/wp-content/themes/lilli-by-akira-back/blocks/banner_default/banner_default.php on line 40
[02-Dec-2024 16:36:04 UTC] PHP Warning:  Undefined array key "theme_select" in /var/www/html/wp-content/themes/lilli-by-akira-back/blocks/_block_components/component_background_media.php on line 7
[02-Dec-2024 16:36:04 UTC] PHP Warning:  Undefined array key "background_video" in /var/www/html/wp-content/themes/lilli-by-akira-back/blocks/_block_components/component_background_media.php on line 8
[02-Dec-2024 16:36:04 UTC] PHP Warning:  Undefined variable $themeField in /var/www/html/wp-content/themes/lilli-by-akira-back/blocks/banner_default/banner_default.php on line 47
[02-Dec-2024 16:36:04 UTC] PHP Warning:  Trying to access array offset on value of type null in /var/www/html/wp-content/themes/lilli-by-akira-back/blocks/banner_default/banner_default.php on line 47
[02-Dec-2024 16:36:04 UTC] PHP Warning:  Undefined variable $bg_shade in /var/www/html/wp-content/themes/lilli-by-akira-back/blocks/img_content/img_content.php on line 25
[02-Dec-2024 16:36:04 UTC] PHP Warning:  Undefined variable $palette in /var/www/html/wp-content/themes/lilli-by-akira-back/blocks/img_content/img_content.php on line 25
[02-Dec-2024 16:36:04 UTC] PHP Warning:  Undefined variable $palette in /var/www/html/wp-content/themes/lilli-by-akira-back/blocks/img_content/img_content.php on line 29
[02-Dec-2024 16:36:04 UTC] PHP Warning:  Undefined variable $bg_shade in /var/www/html/wp-content/themes/lilli-by-akira-back/blocks/img_content/img_content.php on line 35
[02-Dec-2024 16:36:04 UTC] PHP Warning:  Undefined array key "theme_select" in /var/www/html/wp-content/themes/lilli-by-akira-back/blocks/_block_components/component_background_media.php on line 7
[02-Dec-2024 16:36:04 UTC] PHP Warning:  Undefined array key "background_video" in /var/www/html/wp-content/themes/lilli-by-akira-back/blocks/_block_components/component_background_media.php on line 8
[02-Dec-2024 16:36:04 UTC] PHP Warning:  Undefined variable $themeField in /var/www/html/wp-content/themes/lilli-by-akira-back/blocks/img_content/img_content.php on line 52
[02-Dec-2024 16:36:04 UTC] PHP Warning:  Trying to access array offset on value of type null in /var/www/html/wp-content/themes/lilli-by-akira-back/blocks/img_content/img_content.php on line 52
[02-Dec-2024 16:36:04 UTC] PHP Warning:  Undefined array key "add_background" in /var/www/html/wp-content/themes/lilli-by-akira-back/blocks/_block_components/component_colors.php on line 7
[02-Dec-2024 16:36:53 UTC] PHP Warning:  Undefined array key "add_background" in /var/www/html/wp-content/themes/lilli-by-akira-back/blocks/_block_components/component_colors.php on line 7
[02-Dec-2024 16:36:53 UTC] PHP Warning:  Undefined variable $values in /var/www/html/wp-content/themes/lilli-by-akira-back/blocks/_block_components/component_bg_media.php on line 27
[02-Dec-2024 16:36:53 UTC] PHP Warning:  Trying to access array offset on value of type null in /var/www/html/wp-content/themes/lilli-by-akira-back/blocks/_block_components/component_bg_media.php on line 27
[02-Dec-2024 16:37:16 UTC] PHP Warning:  Undefined array key "add_background" in /var/www/html/wp-content/themes/lilli-by-akira-back/blocks/_block_components/component_colors.php on line 7
[02-Dec-2024 16:37:16 UTC] PHP Warning:  Undefined variable $values in /var/www/html/wp-content/themes/lilli-by-akira-back/blocks/_block_components/component_bg_media.php on line 27
[02-Dec-2024 16:37:16 UTC] PHP Warning:  Trying to access array offset on value of type null in /var/www/html/wp-content/themes/lilli-by-akira-back/blocks/_block_components/component_bg_media.php on line 27
[02-Dec-2024 16:39:50 UTC] PHP Warning:  Undefined variable $bg_shade in /var/www/html/wp-content/themes/lilli-by-akira-back/blocks/banner_default/banner_default.php on line 30
[02-Dec-2024 16:39:50 UTC] PHP Warning:  Undefined variable $palette in /var/www/html/wp-content/themes/lilli-by-akira-back/blocks/banner_default/banner_default.php on line 30
[02-Dec-2024 16:39:50 UTC] PHP Warning:  Undefined variable $palette in /var/www/html/wp-content/themes/lilli-by-akira-back/blocks/banner_default/banner_default.php on line 34
[02-Dec-2024 16:39:50 UTC] PHP Warning:  Undefined variable $bg_shade in /var/www/html/wp-content/themes/lilli-by-akira-back/blocks/banner_default/banner_default.php on line 40
[02-Dec-2024 16:39:50 UTC] PHP Warning:  Undefined array key "theme_select" in /var/www/html/wp-content/themes/lilli-by-akira-back/blocks/_block_components/component_background_media.php on line 7
[02-Dec-2024 16:39:50 UTC] PHP Warning:  Undefined array key "background_video" in /var/www/html/wp-content/themes/lilli-by-akira-back/blocks/_block_components/component_background_media.php on line 8
[02-Dec-2024 16:39:50 UTC] PHP Warning:  Undefined variable $themeField in /var/www/html/wp-content/themes/lilli-by-akira-back/blocks/banner_default/banner_default.php on line 47
[02-Dec-2024 16:39:50 UTC] PHP Warning:  Trying to access array offset on value of type null in /var/www/html/wp-content/themes/lilli-by-akira-back/blocks/banner_default/banner_default.php on line 47
[02-Dec-2024 16:39:50 UTC] PHP Warning:  Undefined variable $bg_shade in /var/www/html/wp-content/themes/lilli-by-akira-back/blocks/img_content/img_content.php on line 25
[02-Dec-2024 16:39:50 UTC] PHP Warning:  Undefined variable $palette in /var/www/html/wp-content/themes/lilli-by-akira-back/blocks/img_content/img_content.php on line 25
[02-Dec-2024 16:39:50 UTC] PHP Warning:  Undefined variable $palette in /var/www/html/wp-content/themes/lilli-by-akira-back/blocks/img_content/img_content.php on line 29
[02-Dec-2024 16:39:50 UTC] PHP Warning:  Undefined variable $bg_shade in /var/www/html/wp-content/themes/lilli-by-akira-back/blocks/img_content/img_content.php on line 35
[02-Dec-2024 16:39:50 UTC] PHP Warning:  Undefined array key "theme_select" in /var/www/html/wp-content/themes/lilli-by-akira-back/blocks/_block_components/component_background_media.php on line 7
[02-Dec-2024 16:39:50 UTC] PHP Warning:  Undefined array key "background_video" in /var/www/html/wp-content/themes/lilli-by-akira-back/blocks/_block_components/component_background_media.php on line 8
[02-Dec-2024 16:39:50 UTC] PHP Warning:  Undefined variable $themeField in /var/www/html/wp-content/themes/lilli-by-akira-back/blocks/img_content/img_content.php on line 52
[02-Dec-2024 16:39:50 UTC] PHP Warning:  Trying to access array offset on value of type null in /var/www/html/wp-content/themes/lilli-by-akira-back/blocks/img_content/img_content.php on line 52
[02-Dec-2024 16:39:50 UTC] PHP Warning:  Undefined array key "add_background" in /var/www/html/wp-content/themes/lilli-by-akira-back/blocks/_block_components/component_colors.php on line 7
[02-Dec-2024 16:40:57 UTC] PHP Warning:  Undefined variable $bg_shade in /var/www/html/wp-content/themes/lilli-by-akira-back/blocks/banner_default/banner_default.php on line 30
[02-Dec-2024 16:40:57 UTC] PHP Warning:  Undefined variable $palette in /var/www/html/wp-content/themes/lilli-by-akira-back/blocks/banner_default/banner_default.php on line 30
[02-Dec-2024 16:40:57 UTC] PHP Warning:  Undefined variable $palette in /var/www/html/wp-content/themes/lilli-by-akira-back/blocks/banner_default/banner_default.php on line 34
[02-Dec-2024 16:40:57 UTC] PHP Warning:  Undefined variable $bg_shade in /var/www/html/wp-content/themes/lilli-by-akira-back/blocks/banner_default/banner_default.php on line 40
[02-Dec-2024 16:40:57 UTC] PHP Warning:  Undefined array key "theme_select" in /var/www/html/wp-content/themes/lilli-by-akira-back/blocks/_block_components/component_background_media.php on line 7
[02-Dec-2024 16:40:57 UTC] PHP Warning:  Undefined array key "background_video" in /var/www/html/wp-content/themes/lilli-by-akira-back/blocks/_block_components/component_background_media.php on line 8
[02-Dec-2024 16:40:57 UTC] PHP Warning:  Undefined variable $themeField in /var/www/html/wp-content/themes/lilli-by-akira-back/blocks/banner_default/banner_default.php on line 47
[02-Dec-2024 16:40:57 UTC] PHP Warning:  Trying to access array offset on value of type null in /var/www/html/wp-content/themes/lilli-by-akira-back/blocks/banner_default/banner_default.php on line 47
[02-Dec-2024 16:40:57 UTC] PHP Warning:  Undefined variable $bg_shade in /var/www/html/wp-content/themes/lilli-by-akira-back/blocks/img_content/img_content.php on line 25
[02-Dec-2024 16:40:57 UTC] PHP Warning:  Undefined variable $palette in /var/www/html/wp-content/themes/lilli-by-akira-back/blocks/img_content/img_content.php on line 25
[02-Dec-2024 16:40:57 UTC] PHP Warning:  Undefined variable $palette in /var/www/html/wp-content/themes/lilli-by-akira-back/blocks/img_content/img_content.php on line 29
[02-Dec-2024 16:40:57 UTC] PHP Warning:  Undefined variable $bg_shade in /var/www/html/wp-content/themes/lilli-by-akira-back/blocks/img_content/img_content.php on line 35
[02-Dec-2024 16:40:57 UTC] PHP Warning:  Undefined array key "theme_select" in /var/www/html/wp-content/themes/lilli-by-akira-back/blocks/_block_components/component_background_media.php on line 7
[02-Dec-2024 16:40:57 UTC] PHP Warning:  Undefined array key "background_video" in /var/www/html/wp-content/themes/lilli-by-akira-back/blocks/_block_components/component_background_media.php on line 8
[02-Dec-2024 16:40:57 UTC] PHP Warning:  Undefined variable $themeField in /var/www/html/wp-content/themes/lilli-by-akira-back/blocks/img_content/img_content.php on line 52
[02-Dec-2024 16:40:57 UTC] PHP Warning:  Trying to access array offset on value of type null in /var/www/html/wp-content/themes/lilli-by-akira-back/blocks/img_content/img_content.php on line 52
[02-Dec-2024 16:40:57 UTC] PHP Warning:  Undefined array key "add_background" in /var/www/html/wp-content/themes/lilli-by-akira-back/blocks/_block_components/component_colors.php on line 7
[02-Dec-2024 16:41:07 UTC] PHP Warning:  Undefined variable $bg_shade in /var/www/html/wp-content/themes/lilli-by-akira-back/blocks/banner_default/banner_default.php on line 30
[02-Dec-2024 16:41:07 UTC] PHP Warning:  Undefined variable $palette in /var/www/html/wp-content/themes/lilli-by-akira-back/blocks/banner_default/banner_default.php on line 30
[02-Dec-2024 16:41:07 UTC] PHP Warning:  Undefined variable $palette in /var/www/html/wp-content/themes/lilli-by-akira-back/blocks/banner_default/banner_default.php on line 34
[02-Dec-2024 16:41:07 UTC] PHP Warning:  Undefined variable $bg_shade in /var/www/html/wp-content/themes/lilli-by-akira-back/blocks/banner_default/banner_default.php on line 40
[02-Dec-2024 16:41:07 UTC] PHP Warning:  Undefined array key "theme_select" in /var/www/html/wp-content/themes/lilli-by-akira-back/blocks/_block_components/component_background_media.php on line 7
[02-Dec-2024 16:41:07 UTC] PHP Warning:  Undefined array key "background_video" in /var/www/html/wp-content/themes/lilli-by-akira-back/blocks/_block_components/component_background_media.php on line 8
[02-Dec-2024 16:41:07 UTC] PHP Warning:  Undefined variable $themeField in /var/www/html/wp-content/themes/lilli-by-akira-back/blocks/banner_default/banner_default.php on line 47
[02-Dec-2024 16:41:07 UTC] PHP Warning:  Trying to access array offset on value of type null in /var/www/html/wp-content/themes/lilli-by-akira-back/blocks/banner_default/banner_default.php on line 47
[02-Dec-2024 16:41:07 UTC] PHP Warning:  Undefined variable $bg_shade in /var/www/html/wp-content/themes/lilli-by-akira-back/blocks/img_content/img_content.php on line 25
[02-Dec-2024 16:41:07 UTC] PHP Warning:  Undefined variable $palette in /var/www/html/wp-content/themes/lilli-by-akira-back/blocks/img_content/img_content.php on line 25
[02-Dec-2024 16:41:07 UTC] PHP Warning:  Undefined variable $palette in /var/www/html/wp-content/themes/lilli-by-akira-back/blocks/img_content/img_content.php on line 29
[02-Dec-2024 16:41:07 UTC] PHP Warning:  Undefined variable $bg_shade in /var/www/html/wp-content/themes/lilli-by-akira-back/blocks/img_content/img_content.php on line 35
[02-Dec-2024 16:41:07 UTC] PHP Warning:  Undefined array key "theme_select" in /var/www/html/wp-content/themes/lilli-by-akira-back/blocks/_block_components/component_background_media.php on line 7
[02-Dec-2024 16:41:07 UTC] PHP Warning:  Undefined array key "background_video" in /var/www/html/wp-content/themes/lilli-by-akira-back/blocks/_block_components/component_background_media.php on line 8
[02-Dec-2024 16:41:07 UTC] PHP Warning:  Undefined variable $themeField in /var/www/html/wp-content/themes/lilli-by-akira-back/blocks/img_content/img_content.php on line 52
[02-Dec-2024 16:41:07 UTC] PHP Warning:  Trying to access array offset on value of type null in /var/www/html/wp-content/themes/lilli-by-akira-back/blocks/img_content/img_content.php on line 52
[02-Dec-2024 16:41:07 UTC] PHP Warning:  Undefined array key "add_background" in /var/www/html/wp-content/themes/lilli-by-akira-back/blocks/_block_components/component_colors.php on line 7
[02-Dec-2024 16:41:09 UTC] PHP Warning:  Undefined array key "add_background" in /var/www/html/wp-content/themes/lilli-by-akira-back/blocks/_block_components/component_colors.php on line 7
[02-Dec-2024 16:41:09 UTC] PHP Warning:  Undefined variable $values in /var/www/html/wp-content/themes/lilli-by-akira-back/blocks/_block_components/component_bg_media.php on line 27
[02-Dec-2024 16:41:09 UTC] PHP Warning:  Trying to access array offset on value of type null in /var/www/html/wp-content/themes/lilli-by-akira-back/blocks/_block_components/component_bg_media.php on line 27
[02-Dec-2024 16:41:10 UTC] PHP Warning:  Undefined variable $bg_shade in /var/www/html/wp-content/themes/lilli-by-akira-back/blocks/banner_default/banner_default.php on line 30
[02-Dec-2024 16:41:10 UTC] PHP Warning:  Undefined variable $palette in /var/www/html/wp-content/themes/lilli-by-akira-back/blocks/banner_default/banner_default.php on line 30
[02-Dec-2024 16:41:10 UTC] PHP Warning:  Undefined variable $palette in /var/www/html/wp-content/themes/lilli-by-akira-back/blocks/banner_default/banner_default.php on line 34
[02-Dec-2024 16:41:10 UTC] PHP Warning:  Undefined variable $bg_shade in /var/www/html/wp-content/themes/lilli-by-akira-back/blocks/banner_default/banner_default.php on line 40
[02-Dec-2024 16:41:10 UTC] PHP Warning:  Undefined array key "theme_select" in /var/www/html/wp-content/themes/lilli-by-akira-back/blocks/_block_components/component_background_media.php on line 7
[02-Dec-2024 16:41:10 UTC] PHP Warning:  Undefined array key "background_video" in /var/www/html/wp-content/themes/lilli-by-akira-back/blocks/_block_components/component_background_media.php on line 8
[02-Dec-2024 16:41:10 UTC] PHP Warning:  Undefined variable $themeField in /var/www/html/wp-content/themes/lilli-by-akira-back/blocks/banner_default/banner_default.php on line 47
[02-Dec-2024 16:41:10 UTC] PHP Warning:  Trying to access array offset on value of type null in /var/www/html/wp-content/themes/lilli-by-akira-back/blocks/banner_default/banner_default.php on line 47
[02-Dec-2024 16:41:10 UTC] PHP Warning:  Undefined variable $bg_shade in /var/www/html/wp-content/themes/lilli-by-akira-back/blocks/img_content/img_content.php on line 25
[02-Dec-2024 16:41:10 UTC] PHP Warning:  Undefined variable $palette in /var/www/html/wp-content/themes/lilli-by-akira-back/blocks/img_content/img_content.php on line 25
[02-Dec-2024 16:41:10 UTC] PHP Warning:  Undefined variable $palette in /var/www/html/wp-content/themes/lilli-by-akira-back/blocks/img_content/img_content.php on line 29
[02-Dec-2024 16:41:10 UTC] PHP Warning:  Undefined variable $bg_shade in /var/www/html/wp-content/themes/lilli-by-akira-back/blocks/img_content/img_content.php on line 35
[02-Dec-2024 16:41:10 UTC] PHP Warning:  Undefined array key "theme_select" in /var/www/html/wp-content/themes/lilli-by-akira-back/blocks/_block_components/component_background_media.php on line 7
[02-Dec-2024 16:41:10 UTC] PHP Warning:  Undefined array key "background_video" in /var/www/html/wp-content/themes/lilli-by-akira-back/blocks/_block_components/component_background_media.php on line 8
[02-Dec-2024 16:41:10 UTC] PHP Warning:  Undefined variable $themeField in /var/www/html/wp-content/themes/lilli-by-akira-back/blocks/img_content/img_content.php on line 52
[02-Dec-2024 16:41:10 UTC] PHP Warning:  Trying to access array offset on value of type null in /var/www/html/wp-content/themes/lilli-by-akira-back/blocks/img_content/img_content.php on line 52
[02-Dec-2024 16:41:11 UTC] PHP Warning:  Undefined array key "add_background" in /var/www/html/wp-content/themes/lilli-by-akira-back/blocks/_block_components/component_colors.php on line 7
[02-Dec-2024 16:42:16 UTC] PHP Warning:  Trying to access array offset on value of type bool in /var/www/html/wp-content/themes/lilli-by-akira-back/blocks/_block_components/component_colors.php on line 7
[02-Dec-2024 16:42:16 UTC] PHP Fatal error:  Uncaught TypeError: array_key_exists(): Argument #2 ($array) must be of type array, bool given in /var/www/html/wp-content/themes/lilli-by-akira-back/blocks/_block_components/component_colors.php:28
Stack trace:
#0 /var/www/html/wp-content/themes/lilli-by-akira-back/blocks/_block_components/component_colors.php(57): set_color_palette_values()
#1 /var/www/html/wp-content/themes/lilli-by-akira-back/page.php(6): block_color_variables()
#2 /var/www/html/wp-includes/template-loader.php(106): include('/var/www/html/w...')
#3 /var/www/html/wp-blog-header.php(19): require_once('/var/www/html/w...')
#4 /var/www/html/index.php(17): require('/var/www/html/w...')
#5 {main}
  thrown in /var/www/html/wp-content/themes/lilli-by-akira-back/blocks/_block_components/component_colors.php on line 28
[02-Dec-2024 16:42:50 UTC] PHP Warning:  Undefined array key "add_background" in /var/www/html/wp-content/themes/lilli-by-akira-back/blocks/_block_components/component_colors.php on line 7
[02-Dec-2024 16:43:26 UTC] PHP Warning:  Undefined array key "add_background" in /var/www/html/wp-content/themes/lilli-by-akira-back/blocks/_block_components/component_colors.php on line 8
[02-Dec-2024 16:44:20 UTC] PHP Warning:  Trying to access array offset on value of type bool in /var/www/html/wp-content/themes/lilli-by-akira-back/blocks/_block_components/component_colors.php on line 7
[02-Dec-2024 16:44:20 UTC] PHP Fatal error:  Uncaught TypeError: array_key_exists(): Argument #2 ($array) must be of type array, bool given in /var/www/html/wp-content/themes/lilli-by-akira-back/blocks/_block_components/component_colors.php:28
Stack trace:
#0 /var/www/html/wp-content/themes/lilli-by-akira-back/blocks/_block_components/component_colors.php(57): set_color_palette_values()
#1 /var/www/html/wp-content/themes/lilli-by-akira-back/page.php(6): block_color_variables()
#2 /var/www/html/wp-includes/template-loader.php(106): include('/var/www/html/w...')
#3 /var/www/html/wp-blog-header.php(19): require_once('/var/www/html/w...')
#4 /var/www/html/index.php(17): require('/var/www/html/w...')
#5 {main}
  thrown in /var/www/html/wp-content/themes/lilli-by-akira-back/blocks/_block_components/component_colors.php on line 28
[02-Dec-2024 16:46:01 UTC] PHP Warning:  Undefined variable $values in /var/www/html/wp-content/themes/lilli-by-akira-back/blocks/_block_components/component_bg_media.php on line 27
[02-Dec-2024 16:46:01 UTC] PHP Warning:  Trying to access array offset on value of type null in /var/www/html/wp-content/themes/lilli-by-akira-back/blocks/_block_components/component_bg_media.php on line 27
[02-Dec-2024 16:46:43 UTC] PHP Warning:  Undefined variable $values in /var/www/html/wp-content/themes/lilli-by-akira-back/blocks/_block_components/component_bg_media.php on line 27
[02-Dec-2024 16:46:43 UTC] PHP Warning:  Trying to access array offset on value of type null in /var/www/html/wp-content/themes/lilli-by-akira-back/blocks/_block_components/component_bg_media.php on line 27
[02-Dec-2024 16:51:54 UTC] PHP Warning:  Undefined variable $values in /var/www/html/wp-content/themes/lilli-by-akira-back/blocks/_block_components/component_bg_media.php on line 27
[02-Dec-2024 16:51:54 UTC] PHP Warning:  Trying to access array offset on value of type null in /var/www/html/wp-content/themes/lilli-by-akira-back/blocks/_block_components/component_bg_media.php on line 27
[02-Dec-2024 16:52:57 UTC] PHP Warning:  Undefined variable $values in /var/www/html/wp-content/themes/lilli-by-akira-back/blocks/_block_components/component_bg_media.php on line 27
[02-Dec-2024 16:52:57 UTC] PHP Warning:  Trying to access array offset on value of type null in /var/www/html/wp-content/themes/lilli-by-akira-back/blocks/_block_components/component_bg_media.php on line 27
[02-Dec-2024 16:53:25 UTC] PHP Warning:  Undefined variable $values in /var/www/html/wp-content/themes/lilli-by-akira-back/blocks/_block_components/component_bg_media.php on line 27
[02-Dec-2024 16:53:25 UTC] PHP Warning:  Trying to access array offset on value of type null in /var/www/html/wp-content/themes/lilli-by-akira-back/blocks/_block_components/component_bg_media.php on line 27
[02-Dec-2024 16:54:17 UTC] PHP Warning:  Undefined variable $bg_shade in /var/www/html/wp-content/themes/lilli-by-akira-back/blocks/banner_default/banner_default.php on line 30
[02-Dec-2024 16:54:17 UTC] PHP Warning:  Undefined variable $palette in /var/www/html/wp-content/themes/lilli-by-akira-back/blocks/banner_default/banner_default.php on line 30
[02-Dec-2024 16:54:17 UTC] PHP Warning:  Undefined variable $palette in /var/www/html/wp-content/themes/lilli-by-akira-back/blocks/banner_default/banner_default.php on line 34
[02-Dec-2024 16:54:17 UTC] PHP Warning:  Undefined variable $bg_shade in /var/www/html/wp-content/themes/lilli-by-akira-back/blocks/banner_default/banner_default.php on line 40
[02-Dec-2024 16:54:17 UTC] PHP Warning:  Undefined array key "theme_select" in /var/www/html/wp-content/themes/lilli-by-akira-back/blocks/_block_components/component_background_media.php on line 7
[02-Dec-2024 16:54:17 UTC] PHP Warning:  Undefined array key "background_video" in /var/www/html/wp-content/themes/lilli-by-akira-back/blocks/_block_components/component_background_media.php on line 8
[02-Dec-2024 16:54:17 UTC] PHP Warning:  Undefined variable $themeField in /var/www/html/wp-content/themes/lilli-by-akira-back/blocks/banner_default/banner_default.php on line 47
[02-Dec-2024 16:54:17 UTC] PHP Warning:  Trying to access array offset on value of type null in /var/www/html/wp-content/themes/lilli-by-akira-back/blocks/banner_default/banner_default.php on line 47
[02-Dec-2024 16:54:17 UTC] PHP Warning:  Undefined variable $bg_shade in /var/www/html/wp-content/themes/lilli-by-akira-back/blocks/img_content/img_content.php on line 25
[02-Dec-2024 16:54:17 UTC] PHP Warning:  Undefined variable $palette in /var/www/html/wp-content/themes/lilli-by-akira-back/blocks/img_content/img_content.php on line 25
[02-Dec-2024 16:54:17 UTC] PHP Warning:  Undefined variable $palette in /var/www/html/wp-content/themes/lilli-by-akira-back/blocks/img_content/img_content.php on line 29
[02-Dec-2024 16:54:17 UTC] PHP Warning:  Undefined variable $bg_shade in /var/www/html/wp-content/themes/lilli-by-akira-back/blocks/img_content/img_content.php on line 35
[02-Dec-2024 16:54:17 UTC] PHP Warning:  Undefined array key "theme_select" in /var/www/html/wp-content/themes/lilli-by-akira-back/blocks/_block_components/component_background_media.php on line 7
[02-Dec-2024 16:54:17 UTC] PHP Warning:  Undefined array key "background_video" in /var/www/html/wp-content/themes/lilli-by-akira-back/blocks/_block_components/component_background_media.php on line 8
[02-Dec-2024 16:54:17 UTC] PHP Warning:  Undefined variable $themeField in /var/www/html/wp-content/themes/lilli-by-akira-back/blocks/img_content/img_content.php on line 52
[02-Dec-2024 16:54:17 UTC] PHP Warning:  Trying to access array offset on value of type null in /var/www/html/wp-content/themes/lilli-by-akira-back/blocks/img_content/img_content.php on line 52
[02-Dec-2024 16:54:18 UTC] PHP Warning:  Undefined array key "add_background" in /var/www/html/wp-content/themes/lilli-by-akira-back/blocks/_block_components/component_colors.php on line 7
[02-Dec-2024 16:54:38 UTC] PHP Warning:  Undefined variable $bg_shade in /var/www/html/wp-content/themes/lilli-by-akira-back/blocks/banner_default/banner_default.php on line 30
[02-Dec-2024 16:54:38 UTC] PHP Warning:  Undefined variable $palette in /var/www/html/wp-content/themes/lilli-by-akira-back/blocks/banner_default/banner_default.php on line 30
[02-Dec-2024 16:54:38 UTC] PHP Warning:  Undefined variable $palette in /var/www/html/wp-content/themes/lilli-by-akira-back/blocks/banner_default/banner_default.php on line 34
[02-Dec-2024 16:54:38 UTC] PHP Warning:  Undefined variable $bg_shade in /var/www/html/wp-content/themes/lilli-by-akira-back/blocks/banner_default/banner_default.php on line 40
[02-Dec-2024 16:54:38 UTC] PHP Warning:  Undefined array key "theme_select" in /var/www/html/wp-content/themes/lilli-by-akira-back/blocks/_block_components/component_background_media.php on line 7
[02-Dec-2024 16:54:38 UTC] PHP Warning:  Undefined array key "background_video" in /var/www/html/wp-content/themes/lilli-by-akira-back/blocks/_block_components/component_background_media.php on line 8
[02-Dec-2024 16:54:38 UTC] PHP Warning:  Undefined variable $themeField in /var/www/html/wp-content/themes/lilli-by-akira-back/blocks/banner_default/banner_default.php on line 47
[02-Dec-2024 16:54:38 UTC] PHP Warning:  Trying to access array offset on value of type null in /var/www/html/wp-content/themes/lilli-by-akira-back/blocks/banner_default/banner_default.php on line 47
[02-Dec-2024 16:54:38 UTC] PHP Warning:  Undefined variable $bg_shade in /var/www/html/wp-content/themes/lilli-by-akira-back/blocks/img_content/img_content.php on line 25
[02-Dec-2024 16:54:38 UTC] PHP Warning:  Undefined variable $palette in /var/www/html/wp-content/themes/lilli-by-akira-back/blocks/img_content/img_content.php on line 25
[02-Dec-2024 16:54:38 UTC] PHP Warning:  Undefined variable $palette in /var/www/html/wp-content/themes/lilli-by-akira-back/blocks/img_content/img_content.php on line 29
[02-Dec-2024 16:54:38 UTC] PHP Warning:  Undefined variable $bg_shade in /var/www/html/wp-content/themes/lilli-by-akira-back/blocks/img_content/img_content.php on line 35
[02-Dec-2024 16:54:38 UTC] PHP Warning:  Undefined array key "theme_select" in /var/www/html/wp-content/themes/lilli-by-akira-back/blocks/_block_components/component_background_media.php on line 7
[02-Dec-2024 16:54:38 UTC] PHP Warning:  Undefined array key "background_video" in /var/www/html/wp-content/themes/lilli-by-akira-back/blocks/_block_components/component_background_media.php on line 8
[02-Dec-2024 16:54:38 UTC] PHP Warning:  Undefined variable $themeField in /var/www/html/wp-content/themes/lilli-by-akira-back/blocks/img_content/img_content.php on line 52
[02-Dec-2024 16:54:38 UTC] PHP Warning:  Trying to access array offset on value of type null in /var/www/html/wp-content/themes/lilli-by-akira-back/blocks/img_content/img_content.php on line 52
[02-Dec-2024 16:54:38 UTC] PHP Warning:  Undefined array key "add_background" in /var/www/html/wp-content/themes/lilli-by-akira-back/blocks/_block_components/component_colors.php on line 7
[02-Dec-2024 16:55:02 UTC] PHP Warning:  Undefined variable $bg_shade in /var/www/html/wp-content/themes/lilli-by-akira-back/blocks/banner_default/banner_default.php on line 30
[02-Dec-2024 16:55:02 UTC] PHP Warning:  Undefined variable $palette in /var/www/html/wp-content/themes/lilli-by-akira-back/blocks/banner_default/banner_default.php on line 30
[02-Dec-2024 16:55:02 UTC] PHP Warning:  Undefined variable $palette in /var/www/html/wp-content/themes/lilli-by-akira-back/blocks/banner_default/banner_default.php on line 34
[02-Dec-2024 16:55:02 UTC] PHP Warning:  Undefined variable $bg_shade in /var/www/html/wp-content/themes/lilli-by-akira-back/blocks/banner_default/banner_default.php on line 40
[02-Dec-2024 16:55:02 UTC] PHP Warning:  Undefined array key "theme_select" in /var/www/html/wp-content/themes/lilli-by-akira-back/blocks/_block_components/component_background_media.php on line 7
[02-Dec-2024 16:55:02 UTC] PHP Warning:  Undefined array key "background_video" in /var/www/html/wp-content/themes/lilli-by-akira-back/blocks/_block_components/component_background_media.php on line 8
[02-Dec-2024 16:55:02 UTC] PHP Warning:  Undefined variable $themeField in /var/www/html/wp-content/themes/lilli-by-akira-back/blocks/banner_default/banner_default.php on line 47
[02-Dec-2024 16:55:02 UTC] PHP Warning:  Trying to access array offset on value of type null in /var/www/html/wp-content/themes/lilli-by-akira-back/blocks/banner_default/banner_default.php on line 47
[02-Dec-2024 16:55:02 UTC] PHP Warning:  Undefined variable $bg_shade in /var/www/html/wp-content/themes/lilli-by-akira-back/blocks/img_content/img_content.php on line 25
[02-Dec-2024 16:55:02 UTC] PHP Warning:  Undefined variable $palette in /var/www/html/wp-content/themes/lilli-by-akira-back/blocks/img_content/img_content.php on line 25
[02-Dec-2024 16:55:02 UTC] PHP Warning:  Undefined variable $palette in /var/www/html/wp-content/themes/lilli-by-akira-back/blocks/img_content/img_content.php on line 29
[02-Dec-2024 16:55:02 UTC] PHP Warning:  Undefined variable $bg_shade in /var/www/html/wp-content/themes/lilli-by-akira-back/blocks/img_content/img_content.php on line 35
[02-Dec-2024 16:55:02 UTC] PHP Warning:  Undefined array key "theme_select" in /var/www/html/wp-content/themes/lilli-by-akira-back/blocks/_block_components/component_background_media.php on line 7
[02-Dec-2024 16:55:02 UTC] PHP Warning:  Undefined array key "background_video" in /var/www/html/wp-content/themes/lilli-by-akira-back/blocks/_block_components/component_background_media.php on line 8
[02-Dec-2024 16:55:02 UTC] PHP Warning:  Undefined variable $themeField in /var/www/html/wp-content/themes/lilli-by-akira-back/blocks/img_content/img_content.php on line 52
[02-Dec-2024 16:55:02 UTC] PHP Warning:  Trying to access array offset on value of type null in /var/www/html/wp-content/themes/lilli-by-akira-back/blocks/img_content/img_content.php on line 52
[02-Dec-2024 16:55:02 UTC] PHP Warning:  Undefined array key "add_background" in /var/www/html/wp-content/themes/lilli-by-akira-back/blocks/_block_components/component_colors.php on line 7
[02-Dec-2024 16:55:04 UTC] PHP Warning:  Undefined variable $bg_shade in /var/www/html/wp-content/themes/lilli-by-akira-back/blocks/banner_default/banner_default.php on line 30
[02-Dec-2024 16:55:04 UTC] PHP Warning:  Undefined variable $palette in /var/www/html/wp-content/themes/lilli-by-akira-back/blocks/banner_default/banner_default.php on line 30
[02-Dec-2024 16:55:04 UTC] PHP Warning:  Undefined variable $palette in /var/www/html/wp-content/themes/lilli-by-akira-back/blocks/banner_default/banner_default.php on line 34
[02-Dec-2024 16:55:04 UTC] PHP Warning:  Undefined variable $bg_shade in /var/www/html/wp-content/themes/lilli-by-akira-back/blocks/banner_default/banner_default.php on line 40
[02-Dec-2024 16:55:04 UTC] PHP Warning:  Undefined variable $values in /var/www/html/wp-content/themes/lilli-by-akira-back/blocks/_block_components/component_bg_media.php on line 27
[02-Dec-2024 16:55:04 UTC] PHP Warning:  Trying to access array offset on value of type null in /var/www/html/wp-content/themes/lilli-by-akira-back/blocks/_block_components/component_bg_media.php on line 27
[02-Dec-2024 16:55:04 UTC] PHP Warning:  Undefined array key "theme_select" in /var/www/html/wp-content/themes/lilli-by-akira-back/blocks/_block_components/component_background_media.php on line 7
[02-Dec-2024 16:55:04 UTC] PHP Warning:  Undefined array key "background_video" in /var/www/html/wp-content/themes/lilli-by-akira-back/blocks/_block_components/component_background_media.php on line 8
[02-Dec-2024 16:55:04 UTC] PHP Warning:  Undefined variable $themeField in /var/www/html/wp-content/themes/lilli-by-akira-back/blocks/banner_default/banner_default.php on line 47
[02-Dec-2024 16:55:04 UTC] PHP Warning:  Trying to access array offset on value of type null in /var/www/html/wp-content/themes/lilli-by-akira-back/blocks/banner_default/banner_default.php on line 47
[02-Dec-2024 16:55:04 UTC] PHP Warning:  Undefined variable $bg_shade in /var/www/html/wp-content/themes/lilli-by-akira-back/blocks/img_content/img_content.php on line 25
[02-Dec-2024 16:55:04 UTC] PHP Warning:  Undefined variable $palette in /var/www/html/wp-content/themes/lilli-by-akira-back/blocks/img_content/img_content.php on line 25
[02-Dec-2024 16:55:04 UTC] PHP Warning:  Undefined variable $values in /var/www/html/wp-content/themes/lilli-by-akira-back/blocks/_block_components/component_bg_media.php on line 27
[02-Dec-2024 16:55:04 UTC] PHP Warning:  Undefined variable $palette in /var/www/html/wp-content/themes/lilli-by-akira-back/blocks/img_content/img_content.php on line 29
[02-Dec-2024 16:55:04 UTC] PHP Warning:  Trying to access array offset on value of type null in /var/www/html/wp-content/themes/lilli-by-akira-back/blocks/_block_components/component_bg_media.php on line 27
[02-Dec-2024 16:55:04 UTC] PHP Warning:  Undefined variable $bg_shade in /var/www/html/wp-content/themes/lilli-by-akira-back/blocks/img_content/img_content.php on line 35
[02-Dec-2024 16:55:04 UTC] PHP Warning:  Undefined array key "theme_select" in /var/www/html/wp-content/themes/lilli-by-akira-back/blocks/_block_components/component_background_media.php on line 7
[02-Dec-2024 16:55:04 UTC] PHP Warning:  Undefined array key "background_video" in /var/www/html/wp-content/themes/lilli-by-akira-back/blocks/_block_components/component_background_media.php on line 8
[02-Dec-2024 16:55:04 UTC] PHP Warning:  Undefined variable $themeField in /var/www/html/wp-content/themes/lilli-by-akira-back/blocks/img_content/img_content.php on line 52
[02-Dec-2024 16:55:04 UTC] PHP Warning:  Trying to access array offset on value of type null in /var/www/html/wp-content/themes/lilli-by-akira-back/blocks/img_content/img_content.php on line 52
[02-Dec-2024 16:55:04 UTC] PHP Warning:  Undefined variable $values in /var/www/html/wp-content/themes/lilli-by-akira-back/blocks/_block_components/component_bg_media.php on line 27
[02-Dec-2024 16:55:04 UTC] PHP Warning:  Trying to access array offset on value of type null in /var/www/html/wp-content/themes/lilli-by-akira-back/blocks/_block_components/component_bg_media.php on line 27
[02-Dec-2024 16:55:04 UTC] PHP Warning:  Undefined variable $bg_shade in /var/www/html/wp-content/themes/lilli-by-akira-back/blocks/banner_default/banner_default.php on line 30
[02-Dec-2024 16:55:04 UTC] PHP Warning:  Undefined variable $palette in /var/www/html/wp-content/themes/lilli-by-akira-back/blocks/banner_default/banner_default.php on line 30
[02-Dec-2024 16:55:04 UTC] PHP Warning:  Undefined variable $palette in /var/www/html/wp-content/themes/lilli-by-akira-back/blocks/banner_default/banner_default.php on line 34
[02-Dec-2024 16:55:04 UTC] PHP Warning:  Undefined variable $bg_shade in /var/www/html/wp-content/themes/lilli-by-akira-back/blocks/banner_default/banner_default.php on line 40
[02-Dec-2024 16:55:04 UTC] PHP Warning:  Undefined array key "theme_select" in /var/www/html/wp-content/themes/lilli-by-akira-back/blocks/_block_components/component_background_media.php on line 7
[02-Dec-2024 16:55:04 UTC] PHP Warning:  Undefined array key "background_video" in /var/www/html/wp-content/themes/lilli-by-akira-back/blocks/_block_components/component_background_media.php on line 8
[02-Dec-2024 16:55:04 UTC] PHP Warning:  Undefined variable $themeField in /var/www/html/wp-content/themes/lilli-by-akira-back/blocks/banner_default/banner_default.php on line 47
[02-Dec-2024 16:55:04 UTC] PHP Warning:  Trying to access array offset on value of type null in /var/www/html/wp-content/themes/lilli-by-akira-back/blocks/banner_default/banner_default.php on line 47
[02-Dec-2024 16:55:04 UTC] PHP Warning:  Undefined variable $bg_shade in /var/www/html/wp-content/themes/lilli-by-akira-back/blocks/img_content/img_content.php on line 25
[02-Dec-2024 16:55:04 UTC] PHP Warning:  Undefined variable $palette in /var/www/html/wp-content/themes/lilli-by-akira-back/blocks/img_content/img_content.php on line 25
[02-Dec-2024 16:55:04 UTC] PHP Warning:  Undefined variable $palette in /var/www/html/wp-content/themes/lilli-by-akira-back/blocks/img_content/img_content.php on line 29
[02-Dec-2024 16:55:04 UTC] PHP Warning:  Undefined variable $bg_shade in /var/www/html/wp-content/themes/lilli-by-akira-back/blocks/img_content/img_content.php on line 35
[02-Dec-2024 16:55:04 UTC] PHP Warning:  Undefined array key "theme_select" in /var/www/html/wp-content/themes/lilli-by-akira-back/blocks/_block_components/component_background_media.php on line 7
[02-Dec-2024 16:55:04 UTC] PHP Warning:  Undefined array key "background_video" in /var/www/html/wp-content/themes/lilli-by-akira-back/blocks/_block_components/component_background_media.php on line 8
[02-Dec-2024 16:55:04 UTC] PHP Warning:  Undefined variable $themeField in /var/www/html/wp-content/themes/lilli-by-akira-back/blocks/img_content/img_content.php on line 52
[02-Dec-2024 16:55:04 UTC] PHP Warning:  Trying to access array offset on value of type null in /var/www/html/wp-content/themes/lilli-by-akira-back/blocks/img_content/img_content.php on line 52
[02-Dec-2024 16:55:05 UTC] PHP Warning:  Undefined array key "add_background" in /var/www/html/wp-content/themes/lilli-by-akira-back/blocks/_block_components/component_colors.php on line 7
[02-Dec-2024 16:55:05 UTC] PHP Warning:  Undefined array key "add_background" in /var/www/html/wp-content/themes/lilli-by-akira-back/blocks/_block_components/component_colors.php on line 7
[02-Dec-2024 16:55:41 UTC] PHP Warning:  Undefined variable $bg_shade in /var/www/html/wp-content/themes/lilli-by-akira-back/blocks/banner_default/banner_default.php on line 30
[02-Dec-2024 16:55:41 UTC] PHP Warning:  Undefined variable $palette in /var/www/html/wp-content/themes/lilli-by-akira-back/blocks/banner_default/banner_default.php on line 30
[02-Dec-2024 16:55:41 UTC] PHP Warning:  Undefined variable $palette in /var/www/html/wp-content/themes/lilli-by-akira-back/blocks/banner_default/banner_default.php on line 34
[02-Dec-2024 16:55:41 UTC] PHP Warning:  Undefined variable $bg_shade in /var/www/html/wp-content/themes/lilli-by-akira-back/blocks/banner_default/banner_default.php on line 40
[02-Dec-2024 16:55:41 UTC] PHP Warning:  Undefined array key "theme_select" in /var/www/html/wp-content/themes/lilli-by-akira-back/blocks/_block_components/component_background_media.php on line 7
[02-Dec-2024 16:55:41 UTC] PHP Warning:  Undefined array key "background_video" in /var/www/html/wp-content/themes/lilli-by-akira-back/blocks/_block_components/component_background_media.php on line 8
[02-Dec-2024 16:55:41 UTC] PHP Warning:  Undefined variable $themeField in /var/www/html/wp-content/themes/lilli-by-akira-back/blocks/banner_default/banner_default.php on line 47
[02-Dec-2024 16:55:41 UTC] PHP Warning:  Trying to access array offset on value of type null in /var/www/html/wp-content/themes/lilli-by-akira-back/blocks/banner_default/banner_default.php on line 47
[02-Dec-2024 16:55:41 UTC] PHP Warning:  Undefined variable $bg_shade in /var/www/html/wp-content/themes/lilli-by-akira-back/blocks/img_content/img_content.php on line 25
[02-Dec-2024 16:55:41 UTC] PHP Warning:  Undefined variable $palette in /var/www/html/wp-content/themes/lilli-by-akira-back/blocks/img_content/img_content.php on line 25
[02-Dec-2024 16:55:41 UTC] PHP Warning:  Undefined variable $palette in /var/www/html/wp-content/themes/lilli-by-akira-back/blocks/img_content/img_content.php on line 29
[02-Dec-2024 16:55:41 UTC] PHP Warning:  Undefined variable $bg_shade in /var/www/html/wp-content/themes/lilli-by-akira-back/blocks/img_content/img_content.php on line 35
[02-Dec-2024 16:55:41 UTC] PHP Warning:  Undefined array key "theme_select" in /var/www/html/wp-content/themes/lilli-by-akira-back/blocks/_block_components/component_background_media.php on line 7
[02-Dec-2024 16:55:41 UTC] PHP Warning:  Undefined array key "background_video" in /var/www/html/wp-content/themes/lilli-by-akira-back/blocks/_block_components/component_background_media.php on line 8
[02-Dec-2024 16:55:41 UTC] PHP Warning:  Undefined variable $themeField in /var/www/html/wp-content/themes/lilli-by-akira-back/blocks/img_content/img_content.php on line 52
[02-Dec-2024 16:55:41 UTC] PHP Warning:  Trying to access array offset on value of type null in /var/www/html/wp-content/themes/lilli-by-akira-back/blocks/img_content/img_content.php on line 52
[02-Dec-2024 16:55:42 UTC] PHP Warning:  Undefined array key "add_background" in /var/www/html/wp-content/themes/lilli-by-akira-back/blocks/_block_components/component_colors.php on line 7
[02-Dec-2024 16:55:46 UTC] PHP Warning:  Undefined variable $bg_shade in /var/www/html/wp-content/themes/lilli-by-akira-back/blocks/banner_default/banner_default.php on line 30
[02-Dec-2024 16:55:46 UTC] PHP Warning:  Undefined variable $palette in /var/www/html/wp-content/themes/lilli-by-akira-back/blocks/banner_default/banner_default.php on line 30
[02-Dec-2024 16:55:46 UTC] PHP Warning:  Undefined variable $palette in /var/www/html/wp-content/themes/lilli-by-akira-back/blocks/banner_default/banner_default.php on line 34
[02-Dec-2024 16:55:46 UTC] PHP Warning:  Undefined variable $bg_shade in /var/www/html/wp-content/themes/lilli-by-akira-back/blocks/banner_default/banner_default.php on line 40
[02-Dec-2024 16:55:46 UTC] PHP Warning:  Undefined array key "theme_select" in /var/www/html/wp-content/themes/lilli-by-akira-back/blocks/_block_components/component_background_media.php on line 7
[02-Dec-2024 16:55:46 UTC] PHP Warning:  Undefined array key "background_video" in /var/www/html/wp-content/themes/lilli-by-akira-back/blocks/_block_components/component_background_media.php on line 8
[02-Dec-2024 16:55:46 UTC] PHP Warning:  Undefined variable $themeField in /var/www/html/wp-content/themes/lilli-by-akira-back/blocks/banner_default/banner_default.php on line 47
[02-Dec-2024 16:55:46 UTC] PHP Warning:  Trying to access array offset on value of type null in /var/www/html/wp-content/themes/lilli-by-akira-back/blocks/banner_default/banner_default.php on line 47
[02-Dec-2024 16:55:46 UTC] PHP Warning:  Undefined variable $bg_shade in /var/www/html/wp-content/themes/lilli-by-akira-back/blocks/img_content/img_content.php on line 25
[02-Dec-2024 16:55:46 UTC] PHP Warning:  Undefined variable $palette in /var/www/html/wp-content/themes/lilli-by-akira-back/blocks/img_content/img_content.php on line 25
[02-Dec-2024 16:55:46 UTC] PHP Warning:  Undefined variable $palette in /var/www/html/wp-content/themes/lilli-by-akira-back/blocks/img_content/img_content.php on line 29
[02-Dec-2024 16:55:46 UTC] PHP Warning:  Undefined variable $bg_shade in /var/www/html/wp-content/themes/lilli-by-akira-back/blocks/img_content/img_content.php on line 35
[02-Dec-2024 16:55:46 UTC] PHP Warning:  Undefined array key "theme_select" in /var/www/html/wp-content/themes/lilli-by-akira-back/blocks/_block_components/component_background_media.php on line 7
[02-Dec-2024 16:55:46 UTC] PHP Warning:  Undefined array key "background_video" in /var/www/html/wp-content/themes/lilli-by-akira-back/blocks/_block_components/component_background_media.php on line 8
[02-Dec-2024 16:55:46 UTC] PHP Warning:  Undefined variable $themeField in /var/www/html/wp-content/themes/lilli-by-akira-back/blocks/img_content/img_content.php on line 52
[02-Dec-2024 16:55:46 UTC] PHP Warning:  Trying to access array offset on value of type null in /var/www/html/wp-content/themes/lilli-by-akira-back/blocks/img_content/img_content.php on line 52
[02-Dec-2024 16:55:47 UTC] PHP Warning:  Undefined array key "add_background" in /var/www/html/wp-content/themes/lilli-by-akira-back/blocks/_block_components/component_colors.php on line 7
[02-Dec-2024 16:55:49 UTC] PHP Warning:  Undefined variable $bg_shade in /var/www/html/wp-content/themes/lilli-by-akira-back/blocks/banner_default/banner_default.php on line 30
[02-Dec-2024 16:55:49 UTC] PHP Warning:  Undefined variable $palette in /var/www/html/wp-content/themes/lilli-by-akira-back/blocks/banner_default/banner_default.php on line 30
[02-Dec-2024 16:55:49 UTC] PHP Warning:  Undefined variable $palette in /var/www/html/wp-content/themes/lilli-by-akira-back/blocks/banner_default/banner_default.php on line 34
[02-Dec-2024 16:55:49 UTC] PHP Warning:  Undefined variable $bg_shade in /var/www/html/wp-content/themes/lilli-by-akira-back/blocks/banner_default/banner_default.php on line 40
[02-Dec-2024 16:55:49 UTC] PHP Warning:  Undefined array key "theme_select" in /var/www/html/wp-content/themes/lilli-by-akira-back/blocks/_block_components/component_background_media.php on line 7
[02-Dec-2024 16:55:49 UTC] PHP Warning:  Undefined array key "background_video" in /var/www/html/wp-content/themes/lilli-by-akira-back/blocks/_block_components/component_background_media.php on line 8
[02-Dec-2024 16:55:49 UTC] PHP Warning:  Undefined variable $bg_shade in /var/www/html/wp-content/themes/lilli-by-akira-back/blocks/banner_default/banner_default.php on line 30
[02-Dec-2024 16:55:49 UTC] PHP Warning:  Undefined variable $themeField in /var/www/html/wp-content/themes/lilli-by-akira-back/blocks/banner_default/banner_default.php on line 47
[02-Dec-2024 16:55:49 UTC] PHP Warning:  Undefined variable $palette in /var/www/html/wp-content/themes/lilli-by-akira-back/blocks/banner_default/banner_default.php on line 30
[02-Dec-2024 16:55:49 UTC] PHP Warning:  Trying to access array offset on value of type null in /var/www/html/wp-content/themes/lilli-by-akira-back/blocks/banner_default/banner_default.php on line 47
[02-Dec-2024 16:55:49 UTC] PHP Warning:  Undefined variable $palette in /var/www/html/wp-content/themes/lilli-by-akira-back/blocks/banner_default/banner_default.php on line 34
[02-Dec-2024 16:55:49 UTC] PHP Warning:  Undefined variable $bg_shade in /var/www/html/wp-content/themes/lilli-by-akira-back/blocks/banner_default/banner_default.php on line 40
[02-Dec-2024 16:55:49 UTC] PHP Warning:  Undefined array key "theme_select" in /var/www/html/wp-content/themes/lilli-by-akira-back/blocks/_block_components/component_background_media.php on line 7
[02-Dec-2024 16:55:49 UTC] PHP Warning:  Undefined array key "background_video" in /var/www/html/wp-content/themes/lilli-by-akira-back/blocks/_block_components/component_background_media.php on line 8
[02-Dec-2024 16:55:49 UTC] PHP Warning:  Undefined variable $bg_shade in /var/www/html/wp-content/themes/lilli-by-akira-back/blocks/img_content/img_content.php on line 25
[02-Dec-2024 16:55:49 UTC] PHP Warning:  Undefined variable $themeField in /var/www/html/wp-content/themes/lilli-by-akira-back/blocks/banner_default/banner_default.php on line 47
[02-Dec-2024 16:55:49 UTC] PHP Warning:  Undefined variable $palette in /var/www/html/wp-content/themes/lilli-by-akira-back/blocks/img_content/img_content.php on line 25
[02-Dec-2024 16:55:49 UTC] PHP Warning:  Trying to access array offset on value of type null in /var/www/html/wp-content/themes/lilli-by-akira-back/blocks/banner_default/banner_default.php on line 47
[02-Dec-2024 16:55:49 UTC] PHP Warning:  Undefined variable $palette in /var/www/html/wp-content/themes/lilli-by-akira-back/blocks/img_content/img_content.php on line 29
[02-Dec-2024 16:55:49 UTC] PHP Warning:  Undefined variable $bg_shade in /var/www/html/wp-content/themes/lilli-by-akira-back/blocks/img_content/img_content.php on line 35
[02-Dec-2024 16:55:49 UTC] PHP Warning:  Undefined array key "theme_select" in /var/www/html/wp-content/themes/lilli-by-akira-back/blocks/_block_components/component_background_media.php on line 7
[02-Dec-2024 16:55:49 UTC] PHP Warning:  Undefined array key "background_video" in /var/www/html/wp-content/themes/lilli-by-akira-back/blocks/_block_components/component_background_media.php on line 8
[02-Dec-2024 16:55:49 UTC] PHP Warning:  Undefined variable $bg_shade in /var/www/html/wp-content/themes/lilli-by-akira-back/blocks/img_content/img_content.php on line 25
[02-Dec-2024 16:55:50 UTC] PHP Warning:  Undefined variable $palette in /var/www/html/wp-content/themes/lilli-by-akira-back/blocks/img_content/img_content.php on line 25
[02-Dec-2024 16:55:50 UTC] PHP Warning:  Undefined variable $palette in /var/www/html/wp-content/themes/lilli-by-akira-back/blocks/img_content/img_content.php on line 29
[02-Dec-2024 16:55:50 UTC] PHP Warning:  Undefined variable $themeField in /var/www/html/wp-content/themes/lilli-by-akira-back/blocks/img_content/img_content.php on line 52
[02-Dec-2024 16:55:50 UTC] PHP Warning:  Undefined variable $bg_shade in /var/www/html/wp-content/themes/lilli-by-akira-back/blocks/img_content/img_content.php on line 35
[02-Dec-2024 16:55:50 UTC] PHP Warning:  Trying to access array offset on value of type null in /var/www/html/wp-content/themes/lilli-by-akira-back/blocks/img_content/img_content.php on line 52
[02-Dec-2024 16:55:50 UTC] PHP Warning:  Undefined array key "theme_select" in /var/www/html/wp-content/themes/lilli-by-akira-back/blocks/_block_components/component_background_media.php on line 7
[02-Dec-2024 16:55:50 UTC] PHP Warning:  Undefined array key "background_video" in /var/www/html/wp-content/themes/lilli-by-akira-back/blocks/_block_components/component_background_media.php on line 8
[02-Dec-2024 16:55:50 UTC] PHP Warning:  Undefined variable $themeField in /var/www/html/wp-content/themes/lilli-by-akira-back/blocks/img_content/img_content.php on line 52
[02-Dec-2024 16:55:50 UTC] PHP Warning:  Trying to access array offset on value of type null in /var/www/html/wp-content/themes/lilli-by-akira-back/blocks/img_content/img_content.php on line 52
[02-Dec-2024 16:55:50 UTC] PHP Warning:  Undefined array key "add_background" in /var/www/html/wp-content/themes/lilli-by-akira-back/blocks/_block_components/component_colors.php on line 7
[02-Dec-2024 16:55:50 UTC] PHP Warning:  Undefined array key "add_background" in /var/www/html/wp-content/themes/lilli-by-akira-back/blocks/_block_components/component_colors.php on line 7
[02-Dec-2024 16:55:50 UTC] PHP Warning:  Undefined variable $bg_shade in /var/www/html/wp-content/themes/lilli-by-akira-back/blocks/banner_default/banner_default.php on line 30
[02-Dec-2024 16:55:50 UTC] PHP Warning:  Undefined variable $palette in /var/www/html/wp-content/themes/lilli-by-akira-back/blocks/banner_default/banner_default.php on line 30
[02-Dec-2024 16:55:50 UTC] PHP Warning:  Undefined variable $palette in /var/www/html/wp-content/themes/lilli-by-akira-back/blocks/banner_default/banner_default.php on line 34
[02-Dec-2024 16:55:50 UTC] PHP Warning:  Undefined variable $bg_shade in /var/www/html/wp-content/themes/lilli-by-akira-back/blocks/banner_default/banner_default.php on line 40
[02-Dec-2024 16:55:50 UTC] PHP Warning:  Undefined array key "theme_select" in /var/www/html/wp-content/themes/lilli-by-akira-back/blocks/_block_components/component_background_media.php on line 7
[02-Dec-2024 16:55:50 UTC] PHP Warning:  Undefined array key "background_video" in /var/www/html/wp-content/themes/lilli-by-akira-back/blocks/_block_components/component_background_media.php on line 8
[02-Dec-2024 16:55:50 UTC] PHP Warning:  Undefined variable $themeField in /var/www/html/wp-content/themes/lilli-by-akira-back/blocks/banner_default/banner_default.php on line 47
[02-Dec-2024 16:55:50 UTC] PHP Warning:  Trying to access array offset on value of type null in /var/www/html/wp-content/themes/lilli-by-akira-back/blocks/banner_default/banner_default.php on line 47
[02-Dec-2024 16:55:50 UTC] PHP Warning:  Undefined variable $bg_shade in /var/www/html/wp-content/themes/lilli-by-akira-back/blocks/img_content/img_content.php on line 25
[02-Dec-2024 16:55:50 UTC] PHP Warning:  Undefined variable $palette in /var/www/html/wp-content/themes/lilli-by-akira-back/blocks/img_content/img_content.php on line 25
[02-Dec-2024 16:55:50 UTC] PHP Warning:  Undefined variable $palette in /var/www/html/wp-content/themes/lilli-by-akira-back/blocks/img_content/img_content.php on line 29
[02-Dec-2024 16:55:50 UTC] PHP Warning:  Undefined variable $bg_shade in /var/www/html/wp-content/themes/lilli-by-akira-back/blocks/img_content/img_content.php on line 35
[02-Dec-2024 16:55:50 UTC] PHP Warning:  Undefined array key "theme_select" in /var/www/html/wp-content/themes/lilli-by-akira-back/blocks/_block_components/component_background_media.php on line 7
[02-Dec-2024 16:55:50 UTC] PHP Warning:  Undefined array key "background_video" in /var/www/html/wp-content/themes/lilli-by-akira-back/blocks/_block_components/component_background_media.php on line 8
[02-Dec-2024 16:55:50 UTC] PHP Warning:  Undefined variable $themeField in /var/www/html/wp-content/themes/lilli-by-akira-back/blocks/img_content/img_content.php on line 52
[02-Dec-2024 16:55:50 UTC] PHP Warning:  Trying to access array offset on value of type null in /var/www/html/wp-content/themes/lilli-by-akira-back/blocks/img_content/img_content.php on line 52
[02-Dec-2024 16:55:51 UTC] PHP Warning:  Undefined array key "add_background" in /var/www/html/wp-content/themes/lilli-by-akira-back/blocks/_block_components/component_colors.php on line 7
[02-Dec-2024 16:56:24 UTC] PHP Warning:  Undefined variable $bg_shade in /var/www/html/wp-content/themes/lilli-by-akira-back/blocks/banner_default/banner_default.php on line 30
[02-Dec-2024 16:56:24 UTC] PHP Warning:  Undefined variable $palette in /var/www/html/wp-content/themes/lilli-by-akira-back/blocks/banner_default/banner_default.php on line 30
[02-Dec-2024 16:56:24 UTC] PHP Warning:  Undefined variable $palette in /var/www/html/wp-content/themes/lilli-by-akira-back/blocks/banner_default/banner_default.php on line 34
[02-Dec-2024 16:56:24 UTC] PHP Warning:  Undefined variable $bg_shade in /var/www/html/wp-content/themes/lilli-by-akira-back/blocks/banner_default/banner_default.php on line 40
[02-Dec-2024 16:56:24 UTC] PHP Warning:  Undefined array key "theme_select" in /var/www/html/wp-content/themes/lilli-by-akira-back/blocks/_block_components/component_background_media.php on line 7
[02-Dec-2024 16:56:24 UTC] PHP Warning:  Undefined array key "background_video" in /var/www/html/wp-content/themes/lilli-by-akira-back/blocks/_block_components/component_background_media.php on line 8
[02-Dec-2024 16:56:24 UTC] PHP Warning:  Undefined variable $themeField in /var/www/html/wp-content/themes/lilli-by-akira-back/blocks/banner_default/banner_default.php on line 47
[02-Dec-2024 16:56:24 UTC] PHP Warning:  Trying to access array offset on value of type null in /var/www/html/wp-content/themes/lilli-by-akira-back/blocks/banner_default/banner_default.php on line 47
[02-Dec-2024 16:56:24 UTC] PHP Warning:  Undefined variable $bg_shade in /var/www/html/wp-content/themes/lilli-by-akira-back/blocks/img_content/img_content.php on line 25
[02-Dec-2024 16:56:24 UTC] PHP Warning:  Undefined variable $palette in /var/www/html/wp-content/themes/lilli-by-akira-back/blocks/img_content/img_content.php on line 25
[02-Dec-2024 16:56:24 UTC] PHP Warning:  Undefined variable $palette in /var/www/html/wp-content/themes/lilli-by-akira-back/blocks/img_content/img_content.php on line 29
[02-Dec-2024 16:56:24 UTC] PHP Warning:  Undefined variable $bg_shade in /var/www/html/wp-content/themes/lilli-by-akira-back/blocks/img_content/img_content.php on line 35
[02-Dec-2024 16:56:24 UTC] PHP Warning:  Undefined array key "theme_select" in /var/www/html/wp-content/themes/lilli-by-akira-back/blocks/_block_components/component_background_media.php on line 7
[02-Dec-2024 16:56:24 UTC] PHP Warning:  Undefined array key "background_video" in /var/www/html/wp-content/themes/lilli-by-akira-back/blocks/_block_components/component_background_media.php on line 8
[02-Dec-2024 16:56:24 UTC] PHP Warning:  Undefined variable $themeField in /var/www/html/wp-content/themes/lilli-by-akira-back/blocks/img_content/img_content.php on line 52
[02-Dec-2024 16:56:24 UTC] PHP Warning:  Trying to access array offset on value of type null in /var/www/html/wp-content/themes/lilli-by-akira-back/blocks/img_content/img_content.php on line 52
[02-Dec-2024 16:56:27 UTC] PHP Warning:  Undefined variable $bg_shade in /var/www/html/wp-content/themes/lilli-by-akira-back/blocks/banner_default/banner_default.php on line 30
[02-Dec-2024 16:56:28 UTC] PHP Warning:  Undefined variable $palette in /var/www/html/wp-content/themes/lilli-by-akira-back/blocks/banner_default/banner_default.php on line 30
[02-Dec-2024 16:56:28 UTC] PHP Warning:  Undefined variable $palette in /var/www/html/wp-content/themes/lilli-by-akira-back/blocks/banner_default/banner_default.php on line 34
[02-Dec-2024 16:56:28 UTC] PHP Warning:  Undefined variable $bg_shade in /var/www/html/wp-content/themes/lilli-by-akira-back/blocks/banner_default/banner_default.php on line 40
[02-Dec-2024 16:56:28 UTC] PHP Warning:  Undefined array key "theme_select" in /var/www/html/wp-content/themes/lilli-by-akira-back/blocks/_block_components/component_background_media.php on line 7
[02-Dec-2024 16:56:28 UTC] PHP Warning:  Undefined array key "background_video" in /var/www/html/wp-content/themes/lilli-by-akira-back/blocks/_block_components/component_background_media.php on line 8
[02-Dec-2024 16:56:28 UTC] PHP Warning:  Undefined variable $themeField in /var/www/html/wp-content/themes/lilli-by-akira-back/blocks/banner_default/banner_default.php on line 47
[02-Dec-2024 16:56:28 UTC] PHP Warning:  Trying to access array offset on value of type null in /var/www/html/wp-content/themes/lilli-by-akira-back/blocks/banner_default/banner_default.php on line 47
[02-Dec-2024 16:56:28 UTC] PHP Warning:  Undefined variable $bg_shade in /var/www/html/wp-content/themes/lilli-by-akira-back/blocks/img_content/img_content.php on line 25
[02-Dec-2024 16:56:28 UTC] PHP Warning:  Undefined variable $palette in /var/www/html/wp-content/themes/lilli-by-akira-back/blocks/img_content/img_content.php on line 25
[02-Dec-2024 16:56:28 UTC] PHP Warning:  Undefined variable $palette in /var/www/html/wp-content/themes/lilli-by-akira-back/blocks/img_content/img_content.php on line 29
[02-Dec-2024 16:56:28 UTC] PHP Warning:  Undefined variable $bg_shade in /var/www/html/wp-content/themes/lilli-by-akira-back/blocks/img_content/img_content.php on line 35
[02-Dec-2024 16:56:28 UTC] PHP Warning:  Undefined array key "theme_select" in /var/www/html/wp-content/themes/lilli-by-akira-back/blocks/_block_components/component_background_media.php on line 7
[02-Dec-2024 16:56:28 UTC] PHP Warning:  Undefined array key "background_video" in /var/www/html/wp-content/themes/lilli-by-akira-back/blocks/_block_components/component_background_media.php on line 8
[02-Dec-2024 16:56:28 UTC] PHP Warning:  Undefined variable $themeField in /var/www/html/wp-content/themes/lilli-by-akira-back/blocks/img_content/img_content.php on line 52
[02-Dec-2024 16:56:28 UTC] PHP Warning:  Trying to access array offset on value of type null in /var/www/html/wp-content/themes/lilli-by-akira-back/blocks/img_content/img_content.php on line 52
[02-Dec-2024 16:56:28 UTC] PHP Warning:  Undefined variable $bg_shade in /var/www/html/wp-content/themes/lilli-by-akira-back/blocks/banner_default/banner_default.php on line 30
[02-Dec-2024 16:56:28 UTC] PHP Warning:  Undefined variable $palette in /var/www/html/wp-content/themes/lilli-by-akira-back/blocks/banner_default/banner_default.php on line 30
[02-Dec-2024 16:56:28 UTC] PHP Warning:  Undefined variable $palette in /var/www/html/wp-content/themes/lilli-by-akira-back/blocks/banner_default/banner_default.php on line 34
[02-Dec-2024 16:56:28 UTC] PHP Warning:  Undefined variable $bg_shade in /var/www/html/wp-content/themes/lilli-by-akira-back/blocks/banner_default/banner_default.php on line 40
[02-Dec-2024 16:56:28 UTC] PHP Warning:  Undefined array key "theme_select" in /var/www/html/wp-content/themes/lilli-by-akira-back/blocks/_block_components/component_background_media.php on line 7
[02-Dec-2024 16:56:28 UTC] PHP Warning:  Undefined array key "background_video" in /var/www/html/wp-content/themes/lilli-by-akira-back/blocks/_block_components/component_background_media.php on line 8
[02-Dec-2024 16:56:28 UTC] PHP Warning:  Undefined variable $themeField in /var/www/html/wp-content/themes/lilli-by-akira-back/blocks/banner_default/banner_default.php on line 47
[02-Dec-2024 16:56:28 UTC] PHP Warning:  Trying to access array offset on value of type null in /var/www/html/wp-content/themes/lilli-by-akira-back/blocks/banner_default/banner_default.php on line 47
[02-Dec-2024 16:56:28 UTC] PHP Warning:  Undefined variable $bg_shade in /var/www/html/wp-content/themes/lilli-by-akira-back/blocks/img_content/img_content.php on line 25
[02-Dec-2024 16:56:28 UTC] PHP Warning:  Undefined variable $palette in /var/www/html/wp-content/themes/lilli-by-akira-back/blocks/img_content/img_content.php on line 25
[02-Dec-2024 16:56:28 UTC] PHP Warning:  Undefined variable $palette in /var/www/html/wp-content/themes/lilli-by-akira-back/blocks/img_content/img_content.php on line 29
[02-Dec-2024 16:56:28 UTC] PHP Warning:  Undefined variable $bg_shade in /var/www/html/wp-content/themes/lilli-by-akira-back/blocks/img_content/img_content.php on line 35
[02-Dec-2024 16:56:28 UTC] PHP Warning:  Undefined array key "theme_select" in /var/www/html/wp-content/themes/lilli-by-akira-back/blocks/_block_components/component_background_media.php on line 7
[02-Dec-2024 16:56:28 UTC] PHP Warning:  Undefined array key "background_video" in /var/www/html/wp-content/themes/lilli-by-akira-back/blocks/_block_components/component_background_media.php on line 8
[02-Dec-2024 16:56:28 UTC] PHP Warning:  Undefined variable $themeField in /var/www/html/wp-content/themes/lilli-by-akira-back/blocks/img_content/img_content.php on line 52
[02-Dec-2024 16:56:28 UTC] PHP Warning:  Trying to access array offset on value of type null in /var/www/html/wp-content/themes/lilli-by-akira-back/blocks/img_content/img_content.php on line 52
[02-Dec-2024 16:58:25 UTC] PHP Warning:  Undefined variable $bg_shade in /var/www/html/wp-content/themes/lilli-by-akira-back/blocks/banner_default/banner_default.php on line 30
[02-Dec-2024 16:58:25 UTC] PHP Warning:  Undefined variable $palette in /var/www/html/wp-content/themes/lilli-by-akira-back/blocks/banner_default/banner_default.php on line 30
[02-Dec-2024 16:58:25 UTC] PHP Warning:  Undefined variable $palette in /var/www/html/wp-content/themes/lilli-by-akira-back/blocks/banner_default/banner_default.php on line 34
[02-Dec-2024 16:58:25 UTC] PHP Warning:  Undefined variable $bg_shade in /var/www/html/wp-content/themes/lilli-by-akira-back/blocks/banner_default/banner_default.php on line 40
[02-Dec-2024 16:58:25 UTC] PHP Warning:  Undefined array key "theme_select" in /var/www/html/wp-content/themes/lilli-by-akira-back/blocks/_block_components/component_background_media.php on line 7
[02-Dec-2024 16:58:25 UTC] PHP Warning:  Undefined array key "background_video" in /var/www/html/wp-content/themes/lilli-by-akira-back/blocks/_block_components/component_background_media.php on line 8
[02-Dec-2024 16:58:25 UTC] PHP Warning:  Undefined variable $themeField in /var/www/html/wp-content/themes/lilli-by-akira-back/blocks/banner_default/banner_default.php on line 47
[02-Dec-2024 16:58:25 UTC] PHP Warning:  Trying to access array offset on value of type null in /var/www/html/wp-content/themes/lilli-by-akira-back/blocks/banner_default/banner_default.php on line 47
[02-Dec-2024 16:58:25 UTC] PHP Warning:  Undefined variable $bg_shade in /var/www/html/wp-content/themes/lilli-by-akira-back/blocks/img_content/img_content.php on line 25
[02-Dec-2024 16:58:25 UTC] PHP Warning:  Undefined variable $palette in /var/www/html/wp-content/themes/lilli-by-akira-back/blocks/img_content/img_content.php on line 25
[02-Dec-2024 16:58:25 UTC] PHP Warning:  Undefined variable $palette in /var/www/html/wp-content/themes/lilli-by-akira-back/blocks/img_content/img_content.php on line 29
[02-Dec-2024 16:58:25 UTC] PHP Warning:  Undefined variable $bg_shade in /var/www/html/wp-content/themes/lilli-by-akira-back/blocks/img_content/img_content.php on line 35
[02-Dec-2024 16:58:25 UTC] PHP Warning:  Undefined array key "theme_select" in /var/www/html/wp-content/themes/lilli-by-akira-back/blocks/_block_components/component_background_media.php on line 7
[02-Dec-2024 16:58:25 UTC] PHP Warning:  Undefined array key "background_video" in /var/www/html/wp-content/themes/lilli-by-akira-back/blocks/_block_components/component_background_media.php on line 8
[02-Dec-2024 16:58:25 UTC] PHP Warning:  Undefined variable $themeField in /var/www/html/wp-content/themes/lilli-by-akira-back/blocks/img_content/img_content.php on line 52
[02-Dec-2024 16:58:25 UTC] PHP Warning:  Trying to access array offset on value of type null in /var/www/html/wp-content/themes/lilli-by-akira-back/blocks/img_content/img_content.php on line 52
[02-Dec-2024 16:59:03 UTC] PHP Warning:  Undefined variable $values in /var/www/html/wp-content/themes/lilli-by-akira-back/blocks/_block_components/component_bg_media.php on line 27
[02-Dec-2024 16:59:03 UTC] PHP Warning:  Trying to access array offset on value of type null in /var/www/html/wp-content/themes/lilli-by-akira-back/blocks/_block_components/component_bg_media.php on line 27
[02-Dec-2024 16:59:21 UTC] PHP Warning:  Undefined variable $bg_shade in /var/www/html/wp-content/themes/lilli-by-akira-back/blocks/banner_default/banner_default.php on line 30
[02-Dec-2024 16:59:21 UTC] PHP Warning:  Undefined variable $palette in /var/www/html/wp-content/themes/lilli-by-akira-back/blocks/banner_default/banner_default.php on line 30
[02-Dec-2024 16:59:21 UTC] PHP Warning:  Undefined variable $palette in /var/www/html/wp-content/themes/lilli-by-akira-back/blocks/banner_default/banner_default.php on line 34
[02-Dec-2024 16:59:21 UTC] PHP Warning:  Undefined variable $bg_shade in /var/www/html/wp-content/themes/lilli-by-akira-back/blocks/banner_default/banner_default.php on line 40
[02-Dec-2024 16:59:21 UTC] PHP Warning:  Undefined array key "theme_select" in /var/www/html/wp-content/themes/lilli-by-akira-back/blocks/_block_components/component_background_media.php on line 7
[02-Dec-2024 16:59:21 UTC] PHP Warning:  Undefined array key "background_video" in /var/www/html/wp-content/themes/lilli-by-akira-back/blocks/_block_components/component_background_media.php on line 8
[02-Dec-2024 16:59:21 UTC] PHP Warning:  Undefined variable $themeField in /var/www/html/wp-content/themes/lilli-by-akira-back/blocks/banner_default/banner_default.php on line 47
[02-Dec-2024 16:59:22 UTC] PHP Warning:  Trying to access array offset on value of type null in /var/www/html/wp-content/themes/lilli-by-akira-back/blocks/banner_default/banner_default.php on line 47
[02-Dec-2024 16:59:22 UTC] PHP Warning:  Undefined variable $bg_shade in /var/www/html/wp-content/themes/lilli-by-akira-back/blocks/img_content/img_content.php on line 25
[02-Dec-2024 16:59:22 UTC] PHP Warning:  Undefined variable $palette in /var/www/html/wp-content/themes/lilli-by-akira-back/blocks/img_content/img_content.php on line 25
[02-Dec-2024 16:59:22 UTC] PHP Warning:  Undefined variable $palette in /var/www/html/wp-content/themes/lilli-by-akira-back/blocks/img_content/img_content.php on line 29
[02-Dec-2024 16:59:22 UTC] PHP Warning:  Undefined variable $bg_shade in /var/www/html/wp-content/themes/lilli-by-akira-back/blocks/img_content/img_content.php on line 35
[02-Dec-2024 16:59:22 UTC] PHP Warning:  Undefined array key "theme_select" in /var/www/html/wp-content/themes/lilli-by-akira-back/blocks/_block_components/component_background_media.php on line 7
[02-Dec-2024 16:59:22 UTC] PHP Warning:  Undefined array key "background_video" in /var/www/html/wp-content/themes/lilli-by-akira-back/blocks/_block_components/component_background_media.php on line 8
[02-Dec-2024 16:59:22 UTC] PHP Warning:  Undefined variable $themeField in /var/www/html/wp-content/themes/lilli-by-akira-back/blocks/img_content/img_content.php on line 52
[02-Dec-2024 16:59:22 UTC] PHP Warning:  Trying to access array offset on value of type null in /var/www/html/wp-content/themes/lilli-by-akira-back/blocks/img_content/img_content.php on line 52
[02-Dec-2024 16:59:23 UTC] PHP Warning:  Undefined variable $bg_shade in /var/www/html/wp-content/themes/lilli-by-akira-back/blocks/banner_default/banner_default.php on line 30
[02-Dec-2024 16:59:23 UTC] PHP Warning:  Undefined variable $palette in /var/www/html/wp-content/themes/lilli-by-akira-back/blocks/banner_default/banner_default.php on line 30
[02-Dec-2024 16:59:23 UTC] PHP Warning:  Undefined variable $palette in /var/www/html/wp-content/themes/lilli-by-akira-back/blocks/banner_default/banner_default.php on line 34
[02-Dec-2024 16:59:23 UTC] PHP Warning:  Undefined variable $bg_shade in /var/www/html/wp-content/themes/lilli-by-akira-back/blocks/banner_default/banner_default.php on line 40
[02-Dec-2024 16:59:23 UTC] PHP Warning:  Undefined array key "theme_select" in /var/www/html/wp-content/themes/lilli-by-akira-back/blocks/_block_components/component_background_media.php on line 7
[02-Dec-2024 16:59:23 UTC] PHP Warning:  Undefined array key "background_video" in /var/www/html/wp-content/themes/lilli-by-akira-back/blocks/_block_components/component_background_media.php on line 8
[02-Dec-2024 16:59:23 UTC] PHP Warning:  Undefined variable $themeField in /var/www/html/wp-content/themes/lilli-by-akira-back/blocks/banner_default/banner_default.php on line 47
[02-Dec-2024 16:59:23 UTC] PHP Warning:  Trying to access array offset on value of type null in /var/www/html/wp-content/themes/lilli-by-akira-back/blocks/banner_default/banner_default.php on line 47
[02-Dec-2024 16:59:23 UTC] PHP Warning:  Undefined variable $bg_shade in /var/www/html/wp-content/themes/lilli-by-akira-back/blocks/img_content/img_content.php on line 25
[02-Dec-2024 16:59:23 UTC] PHP Warning:  Undefined variable $palette in /var/www/html/wp-content/themes/lilli-by-akira-back/blocks/img_content/img_content.php on line 25
[02-Dec-2024 16:59:23 UTC] PHP Warning:  Undefined variable $palette in /var/www/html/wp-content/themes/lilli-by-akira-back/blocks/img_content/img_content.php on line 29
[02-Dec-2024 16:59:23 UTC] PHP Warning:  Undefined variable $bg_shade in /var/www/html/wp-content/themes/lilli-by-akira-back/blocks/img_content/img_content.php on line 35
[02-Dec-2024 16:59:23 UTC] PHP Warning:  Undefined array key "theme_select" in /var/www/html/wp-content/themes/lilli-by-akira-back/blocks/_block_components/component_background_media.php on line 7
[02-Dec-2024 16:59:23 UTC] PHP Warning:  Undefined array key "background_video" in /var/www/html/wp-content/themes/lilli-by-akira-back/blocks/_block_components/component_background_media.php on line 8
[02-Dec-2024 16:59:23 UTC] PHP Warning:  Undefined variable $themeField in /var/www/html/wp-content/themes/lilli-by-akira-back/blocks/img_content/img_content.php on line 52
[02-Dec-2024 16:59:23 UTC] PHP Warning:  Trying to access array offset on value of type null in /var/www/html/wp-content/themes/lilli-by-akira-back/blocks/img_content/img_content.php on line 52
[02-Dec-2024 16:59:25 UTC] PHP Warning:  Undefined variable $bg_shade in /var/www/html/wp-content/themes/lilli-by-akira-back/blocks/banner_default/banner_default.php on line 30
[02-Dec-2024 16:59:25 UTC] PHP Warning:  Undefined variable $palette in /var/www/html/wp-content/themes/lilli-by-akira-back/blocks/banner_default/banner_default.php on line 30
[02-Dec-2024 16:59:25 UTC] PHP Warning:  Undefined variable $palette in /var/www/html/wp-content/themes/lilli-by-akira-back/blocks/banner_default/banner_default.php on line 34
[02-Dec-2024 16:59:25 UTC] PHP Warning:  Undefined variable $bg_shade in /var/www/html/wp-content/themes/lilli-by-akira-back/blocks/banner_default/banner_default.php on line 40
[02-Dec-2024 16:59:25 UTC] PHP Warning:  Undefined array key "theme_select" in /var/www/html/wp-content/themes/lilli-by-akira-back/blocks/_block_components/component_background_media.php on line 7
[02-Dec-2024 16:59:25 UTC] PHP Warning:  Undefined array key "background_video" in /var/www/html/wp-content/themes/lilli-by-akira-back/blocks/_block_components/component_background_media.php on line 8
[02-Dec-2024 16:59:25 UTC] PHP Warning:  Undefined variable $themeField in /var/www/html/wp-content/themes/lilli-by-akira-back/blocks/banner_default/banner_default.php on line 47
[02-Dec-2024 16:59:25 UTC] PHP Warning:  Trying to access array offset on value of type null in /var/www/html/wp-content/themes/lilli-by-akira-back/blocks/banner_default/banner_default.php on line 47
[02-Dec-2024 16:59:25 UTC] PHP Warning:  Undefined variable $bg_shade in /var/www/html/wp-content/themes/lilli-by-akira-back/blocks/img_content/img_content.php on line 25
[02-Dec-2024 16:59:25 UTC] PHP Warning:  Undefined variable $palette in /var/www/html/wp-content/themes/lilli-by-akira-back/blocks/img_content/img_content.php on line 25
[02-Dec-2024 16:59:26 UTC] PHP Warning:  Undefined variable $palette in /var/www/html/wp-content/themes/lilli-by-akira-back/blocks/img_content/img_content.php on line 29
[02-Dec-2024 16:59:26 UTC] PHP Warning:  Undefined variable $bg_shade in /var/www/html/wp-content/themes/lilli-by-akira-back/blocks/img_content/img_content.php on line 35
[02-Dec-2024 16:59:26 UTC] PHP Warning:  Undefined array key "theme_select" in /var/www/html/wp-content/themes/lilli-by-akira-back/blocks/_block_components/component_background_media.php on line 7
[02-Dec-2024 16:59:26 UTC] PHP Warning:  Undefined array key "background_video" in /var/www/html/wp-content/themes/lilli-by-akira-back/blocks/_block_components/component_background_media.php on line 8
[02-Dec-2024 16:59:26 UTC] PHP Warning:  Undefined variable $themeField in /var/www/html/wp-content/themes/lilli-by-akira-back/blocks/img_content/img_content.php on line 52
[02-Dec-2024 16:59:26 UTC] PHP Warning:  Trying to access array offset on value of type null in /var/www/html/wp-content/themes/lilli-by-akira-back/blocks/img_content/img_content.php on line 52
[02-Dec-2024 16:59:29 UTC] PHP Warning:  Undefined variable $bg_shade in /var/www/html/wp-content/themes/lilli-by-akira-back/blocks/banner_default/banner_default.php on line 30
[02-Dec-2024 16:59:29 UTC] PHP Warning:  Undefined variable $palette in /var/www/html/wp-content/themes/lilli-by-akira-back/blocks/banner_default/banner_default.php on line 30
[02-Dec-2024 16:59:29 UTC] PHP Warning:  Undefined variable $palette in /var/www/html/wp-content/themes/lilli-by-akira-back/blocks/banner_default/banner_default.php on line 34
[02-Dec-2024 16:59:29 UTC] PHP Warning:  Undefined variable $bg_shade in /var/www/html/wp-content/themes/lilli-by-akira-back/blocks/banner_default/banner_default.php on line 40
[02-Dec-2024 16:59:29 UTC] PHP Warning:  Undefined array key "theme_select" in /var/www/html/wp-content/themes/lilli-by-akira-back/blocks/_block_components/component_background_media.php on line 7
[02-Dec-2024 16:59:29 UTC] PHP Warning:  Undefined array key "background_video" in /var/www/html/wp-content/themes/lilli-by-akira-back/blocks/_block_components/component_background_media.php on line 8
[02-Dec-2024 16:59:29 UTC] PHP Warning:  Undefined variable $themeField in /var/www/html/wp-content/themes/lilli-by-akira-back/blocks/banner_default/banner_default.php on line 47
[02-Dec-2024 16:59:29 UTC] PHP Warning:  Trying to access array offset on value of type null in /var/www/html/wp-content/themes/lilli-by-akira-back/blocks/banner_default/banner_default.php on line 47
[02-Dec-2024 16:59:29 UTC] PHP Warning:  Undefined variable $bg_shade in /var/www/html/wp-content/themes/lilli-by-akira-back/blocks/img_content/img_content.php on line 25
[02-Dec-2024 16:59:29 UTC] PHP Warning:  Undefined variable $palette in /var/www/html/wp-content/themes/lilli-by-akira-back/blocks/img_content/img_content.php on line 25
[02-Dec-2024 16:59:29 UTC] PHP Warning:  Undefined variable $palette in /var/www/html/wp-content/themes/lilli-by-akira-back/blocks/img_content/img_content.php on line 29
[02-Dec-2024 16:59:29 UTC] PHP Warning:  Undefined variable $bg_shade in /var/www/html/wp-content/themes/lilli-by-akira-back/blocks/img_content/img_content.php on line 35
[02-Dec-2024 16:59:29 UTC] PHP Warning:  Undefined array key "theme_select" in /var/www/html/wp-content/themes/lilli-by-akira-back/blocks/_block_components/component_background_media.php on line 7
[02-Dec-2024 16:59:29 UTC] PHP Warning:  Undefined array key "background_video" in /var/www/html/wp-content/themes/lilli-by-akira-back/blocks/_block_components/component_background_media.php on line 8
[02-Dec-2024 16:59:29 UTC] PHP Warning:  Undefined variable $themeField in /var/www/html/wp-content/themes/lilli-by-akira-back/blocks/img_content/img_content.php on line 52
[02-Dec-2024 16:59:29 UTC] PHP Warning:  Trying to access array offset on value of type null in /var/www/html/wp-content/themes/lilli-by-akira-back/blocks/img_content/img_content.php on line 52
[02-Dec-2024 17:00:09 UTC] PHP Warning:  Undefined variable $bg_shade in /var/www/html/wp-content/themes/lilli-by-akira-back/blocks/banner_default/banner_default.php on line 30
[02-Dec-2024 17:00:09 UTC] PHP Warning:  Undefined variable $palette in /var/www/html/wp-content/themes/lilli-by-akira-back/blocks/banner_default/banner_default.php on line 30
[02-Dec-2024 17:00:09 UTC] PHP Warning:  Undefined variable $palette in /var/www/html/wp-content/themes/lilli-by-akira-back/blocks/banner_default/banner_default.php on line 34
[02-Dec-2024 17:00:09 UTC] PHP Warning:  Undefined variable $bg_shade in /var/www/html/wp-content/themes/lilli-by-akira-back/blocks/banner_default/banner_default.php on line 40
[02-Dec-2024 17:00:09 UTC] PHP Warning:  Undefined array key "theme_select" in /var/www/html/wp-content/themes/lilli-by-akira-back/blocks/_block_components/component_background_media.php on line 7
[02-Dec-2024 17:00:09 UTC] PHP Warning:  Undefined array key "background_video" in /var/www/html/wp-content/themes/lilli-by-akira-back/blocks/_block_components/component_background_media.php on line 8
[02-Dec-2024 17:00:09 UTC] PHP Warning:  Undefined variable $themeField in /var/www/html/wp-content/themes/lilli-by-akira-back/blocks/banner_default/banner_default.php on line 47
[02-Dec-2024 17:00:09 UTC] PHP Warning:  Trying to access array offset on value of type null in /var/www/html/wp-content/themes/lilli-by-akira-back/blocks/banner_default/banner_default.php on line 47
[02-Dec-2024 17:00:09 UTC] PHP Warning:  Undefined variable $bg_shade in /var/www/html/wp-content/themes/lilli-by-akira-back/blocks/img_content/img_content.php on line 25
[02-Dec-2024 17:00:09 UTC] PHP Warning:  Undefined variable $palette in /var/www/html/wp-content/themes/lilli-by-akira-back/blocks/img_content/img_content.php on line 25
[02-Dec-2024 17:00:09 UTC] PHP Warning:  Undefined variable $palette in /var/www/html/wp-content/themes/lilli-by-akira-back/blocks/img_content/img_content.php on line 29
[02-Dec-2024 17:00:09 UTC] PHP Warning:  Undefined variable $bg_shade in /var/www/html/wp-content/themes/lilli-by-akira-back/blocks/img_content/img_content.php on line 35
[02-Dec-2024 17:00:09 UTC] PHP Warning:  Undefined array key "theme_select" in /var/www/html/wp-content/themes/lilli-by-akira-back/blocks/_block_components/component_background_media.php on line 7
[02-Dec-2024 17:00:09 UTC] PHP Warning:  Undefined array key "background_video" in /var/www/html/wp-content/themes/lilli-by-akira-back/blocks/_block_components/component_background_media.php on line 8
[02-Dec-2024 17:00:09 UTC] PHP Warning:  Undefined variable $themeField in /var/www/html/wp-content/themes/lilli-by-akira-back/blocks/img_content/img_content.php on line 52
[02-Dec-2024 17:00:09 UTC] PHP Warning:  Trying to access array offset on value of type null in /var/www/html/wp-content/themes/lilli-by-akira-back/blocks/img_content/img_content.php on line 52
[02-Dec-2024 17:00:11 UTC] PHP Warning:  Undefined variable $bg_shade in /var/www/html/wp-content/themes/lilli-by-akira-back/blocks/banner_default/banner_default.php on line 30
[02-Dec-2024 17:00:11 UTC] PHP Warning:  Undefined variable $palette in /var/www/html/wp-content/themes/lilli-by-akira-back/blocks/banner_default/banner_default.php on line 30
[02-Dec-2024 17:00:11 UTC] PHP Warning:  Undefined variable $palette in /var/www/html/wp-content/themes/lilli-by-akira-back/blocks/banner_default/banner_default.php on line 34
[02-Dec-2024 17:00:11 UTC] PHP Warning:  Undefined variable $bg_shade in /var/www/html/wp-content/themes/lilli-by-akira-back/blocks/banner_default/banner_default.php on line 40
[02-Dec-2024 17:00:11 UTC] PHP Warning:  Undefined array key "theme_select" in /var/www/html/wp-content/themes/lilli-by-akira-back/blocks/_block_components/component_background_media.php on line 7
[02-Dec-2024 17:00:11 UTC] PHP Warning:  Undefined array key "background_video" in /var/www/html/wp-content/themes/lilli-by-akira-back/blocks/_block_components/component_background_media.php on line 8
[02-Dec-2024 17:00:11 UTC] PHP Warning:  Undefined variable $themeField in /var/www/html/wp-content/themes/lilli-by-akira-back/blocks/banner_default/banner_default.php on line 47
[02-Dec-2024 17:00:11 UTC] PHP Warning:  Trying to access array offset on value of type null in /var/www/html/wp-content/themes/lilli-by-akira-back/blocks/banner_default/banner_default.php on line 47
[02-Dec-2024 17:00:11 UTC] PHP Warning:  Undefined variable $bg_shade in /var/www/html/wp-content/themes/lilli-by-akira-back/blocks/img_content/img_content.php on line 25
[02-Dec-2024 17:00:11 UTC] PHP Warning:  Undefined variable $palette in /var/www/html/wp-content/themes/lilli-by-akira-back/blocks/img_content/img_content.php on line 25
[02-Dec-2024 17:00:11 UTC] PHP Warning:  Undefined variable $palette in /var/www/html/wp-content/themes/lilli-by-akira-back/blocks/img_content/img_content.php on line 29
[02-Dec-2024 17:00:11 UTC] PHP Warning:  Undefined variable $bg_shade in /var/www/html/wp-content/themes/lilli-by-akira-back/blocks/img_content/img_content.php on line 35
[02-Dec-2024 17:00:11 UTC] PHP Warning:  Undefined array key "theme_select" in /var/www/html/wp-content/themes/lilli-by-akira-back/blocks/_block_components/component_background_media.php on line 7
[02-Dec-2024 17:00:11 UTC] PHP Warning:  Undefined array key "background_video" in /var/www/html/wp-content/themes/lilli-by-akira-back/blocks/_block_components/component_background_media.php on line 8
[02-Dec-2024 17:00:11 UTC] PHP Warning:  Undefined variable $themeField in /var/www/html/wp-content/themes/lilli-by-akira-back/blocks/img_content/img_content.php on line 52
[02-Dec-2024 17:00:11 UTC] PHP Warning:  Trying to access array offset on value of type null in /var/www/html/wp-content/themes/lilli-by-akira-back/blocks/img_content/img_content.php on line 52
[02-Dec-2024 17:00:16 UTC] PHP Warning:  Undefined variable $bg_shade in /var/www/html/wp-content/themes/lilli-by-akira-back/blocks/banner_default/banner_default.php on line 30
[02-Dec-2024 17:00:16 UTC] PHP Warning:  Undefined variable $palette in /var/www/html/wp-content/themes/lilli-by-akira-back/blocks/banner_default/banner_default.php on line 30
[02-Dec-2024 17:00:16 UTC] PHP Warning:  Undefined variable $palette in /var/www/html/wp-content/themes/lilli-by-akira-back/blocks/banner_default/banner_default.php on line 34
[02-Dec-2024 17:00:16 UTC] PHP Warning:  Undefined variable $bg_shade in /var/www/html/wp-content/themes/lilli-by-akira-back/blocks/banner_default/banner_default.php on line 40
[02-Dec-2024 17:00:16 UTC] PHP Warning:  Undefined array key "theme_select" in /var/www/html/wp-content/themes/lilli-by-akira-back/blocks/_block_components/component_background_media.php on line 7
[02-Dec-2024 17:00:16 UTC] PHP Warning:  Undefined array key "background_video" in /var/www/html/wp-content/themes/lilli-by-akira-back/blocks/_block_components/component_background_media.php on line 8
[02-Dec-2024 17:00:16 UTC] PHP Warning:  Undefined variable $themeField in /var/www/html/wp-content/themes/lilli-by-akira-back/blocks/banner_default/banner_default.php on line 47
[02-Dec-2024 17:00:16 UTC] PHP Warning:  Trying to access array offset on value of type null in /var/www/html/wp-content/themes/lilli-by-akira-back/blocks/banner_default/banner_default.php on line 47
[02-Dec-2024 17:00:17 UTC] PHP Warning:  Undefined variable $bg_shade in /var/www/html/wp-content/themes/lilli-by-akira-back/blocks/img_content/img_content.php on line 25
[02-Dec-2024 17:00:17 UTC] PHP Warning:  Undefined variable $palette in /var/www/html/wp-content/themes/lilli-by-akira-back/blocks/img_content/img_content.php on line 25
[02-Dec-2024 17:00:17 UTC] PHP Warning:  Undefined variable $palette in /var/www/html/wp-content/themes/lilli-by-akira-back/blocks/img_content/img_content.php on line 29
[02-Dec-2024 17:00:17 UTC] PHP Warning:  Undefined variable $bg_shade in /var/www/html/wp-content/themes/lilli-by-akira-back/blocks/img_content/img_content.php on line 35
[02-Dec-2024 17:00:17 UTC] PHP Warning:  Undefined array key "theme_select" in /var/www/html/wp-content/themes/lilli-by-akira-back/blocks/_block_components/component_background_media.php on line 7
[02-Dec-2024 17:00:17 UTC] PHP Warning:  Undefined array key "background_video" in /var/www/html/wp-content/themes/lilli-by-akira-back/blocks/_block_components/component_background_media.php on line 8
[02-Dec-2024 17:00:17 UTC] PHP Warning:  Undefined variable $themeField in /var/www/html/wp-content/themes/lilli-by-akira-back/blocks/img_content/img_content.php on line 52
[02-Dec-2024 17:00:17 UTC] PHP Warning:  Trying to access array offset on value of type null in /var/www/html/wp-content/themes/lilli-by-akira-back/blocks/img_content/img_content.php on line 52
[02-Dec-2024 17:01:03 UTC] PHP Warning:  Undefined variable $bg_shade in /var/www/html/wp-content/themes/lilli-by-akira-back/blocks/banner_default/banner_default.php on line 30
[02-Dec-2024 17:01:03 UTC] PHP Warning:  Undefined variable $palette in /var/www/html/wp-content/themes/lilli-by-akira-back/blocks/banner_default/banner_default.php on line 30
[02-Dec-2024 17:01:03 UTC] PHP Warning:  Undefined variable $palette in /var/www/html/wp-content/themes/lilli-by-akira-back/blocks/banner_default/banner_default.php on line 34
[02-Dec-2024 17:01:03 UTC] PHP Warning:  Undefined variable $bg_shade in /var/www/html/wp-content/themes/lilli-by-akira-back/blocks/banner_default/banner_default.php on line 40
[02-Dec-2024 17:01:03 UTC] PHP Warning:  Undefined array key "theme_select" in /var/www/html/wp-content/themes/lilli-by-akira-back/blocks/_block_components/component_background_media.php on line 7
[02-Dec-2024 17:01:03 UTC] PHP Warning:  Undefined array key "background_video" in /var/www/html/wp-content/themes/lilli-by-akira-back/blocks/_block_components/component_background_media.php on line 8
[02-Dec-2024 17:01:03 UTC] PHP Warning:  Undefined variable $themeField in /var/www/html/wp-content/themes/lilli-by-akira-back/blocks/banner_default/banner_default.php on line 47
[02-Dec-2024 17:01:03 UTC] PHP Warning:  Trying to access array offset on value of type null in /var/www/html/wp-content/themes/lilli-by-akira-back/blocks/banner_default/banner_default.php on line 47
[02-Dec-2024 17:01:03 UTC] PHP Warning:  Undefined variable $bg_shade in /var/www/html/wp-content/themes/lilli-by-akira-back/blocks/img_content/img_content.php on line 25
[02-Dec-2024 17:01:03 UTC] PHP Warning:  Undefined variable $palette in /var/www/html/wp-content/themes/lilli-by-akira-back/blocks/img_content/img_content.php on line 25
[02-Dec-2024 17:01:03 UTC] PHP Warning:  Undefined variable $palette in /var/www/html/wp-content/themes/lilli-by-akira-back/blocks/img_content/img_content.php on line 29
[02-Dec-2024 17:01:03 UTC] PHP Warning:  Undefined variable $bg_shade in /var/www/html/wp-content/themes/lilli-by-akira-back/blocks/img_content/img_content.php on line 35
[02-Dec-2024 17:01:03 UTC] PHP Warning:  Undefined array key "theme_select" in /var/www/html/wp-content/themes/lilli-by-akira-back/blocks/_block_components/component_background_media.php on line 7
[02-Dec-2024 17:01:03 UTC] PHP Warning:  Undefined array key "background_video" in /var/www/html/wp-content/themes/lilli-by-akira-back/blocks/_block_components/component_background_media.php on line 8
[02-Dec-2024 17:01:03 UTC] PHP Warning:  Undefined variable $themeField in /var/www/html/wp-content/themes/lilli-by-akira-back/blocks/img_content/img_content.php on line 52
[02-Dec-2024 17:01:03 UTC] PHP Warning:  Trying to access array offset on value of type null in /var/www/html/wp-content/themes/lilli-by-akira-back/blocks/img_content/img_content.php on line 52
[02-Dec-2024 17:01:04 UTC] PHP Warning:  Undefined variable $bg_shade in /var/www/html/wp-content/themes/lilli-by-akira-back/blocks/banner_default/banner_default.php on line 30
[02-Dec-2024 17:01:04 UTC] PHP Warning:  Undefined variable $palette in /var/www/html/wp-content/themes/lilli-by-akira-back/blocks/banner_default/banner_default.php on line 30
[02-Dec-2024 17:01:04 UTC] PHP Warning:  Undefined variable $palette in /var/www/html/wp-content/themes/lilli-by-akira-back/blocks/banner_default/banner_default.php on line 34
[02-Dec-2024 17:01:04 UTC] PHP Warning:  Undefined variable $bg_shade in /var/www/html/wp-content/themes/lilli-by-akira-back/blocks/banner_default/banner_default.php on line 40
[02-Dec-2024 17:01:04 UTC] PHP Warning:  Undefined array key "theme_select" in /var/www/html/wp-content/themes/lilli-by-akira-back/blocks/_block_components/component_background_media.php on line 7
[02-Dec-2024 17:01:04 UTC] PHP Warning:  Undefined array key "background_video" in /var/www/html/wp-content/themes/lilli-by-akira-back/blocks/_block_components/component_background_media.php on line 8
[02-Dec-2024 17:01:04 UTC] PHP Warning:  Undefined variable $themeField in /var/www/html/wp-content/themes/lilli-by-akira-back/blocks/banner_default/banner_default.php on line 47
[02-Dec-2024 17:01:04 UTC] PHP Warning:  Trying to access array offset on value of type null in /var/www/html/wp-content/themes/lilli-by-akira-back/blocks/banner_default/banner_default.php on line 47
[02-Dec-2024 17:01:04 UTC] PHP Warning:  Undefined variable $bg_shade in /var/www/html/wp-content/themes/lilli-by-akira-back/blocks/img_content/img_content.php on line 25
[02-Dec-2024 17:01:04 UTC] PHP Warning:  Undefined variable $palette in /var/www/html/wp-content/themes/lilli-by-akira-back/blocks/img_content/img_content.php on line 25
[02-Dec-2024 17:01:04 UTC] PHP Warning:  Undefined variable $palette in /var/www/html/wp-content/themes/lilli-by-akira-back/blocks/img_content/img_content.php on line 29
[02-Dec-2024 17:01:04 UTC] PHP Warning:  Undefined variable $bg_shade in /var/www/html/wp-content/themes/lilli-by-akira-back/blocks/img_content/img_content.php on line 35
[02-Dec-2024 17:01:04 UTC] PHP Warning:  Undefined array key "theme_select" in /var/www/html/wp-content/themes/lilli-by-akira-back/blocks/_block_components/component_background_media.php on line 7
[02-Dec-2024 17:01:04 UTC] PHP Warning:  Undefined array key "background_video" in /var/www/html/wp-content/themes/lilli-by-akira-back/blocks/_block_components/component_background_media.php on line 8
[02-Dec-2024 17:01:04 UTC] PHP Warning:  Undefined variable $themeField in /var/www/html/wp-content/themes/lilli-by-akira-back/blocks/img_content/img_content.php on line 52
[02-Dec-2024 17:01:04 UTC] PHP Warning:  Trying to access array offset on value of type null in /var/www/html/wp-content/themes/lilli-by-akira-back/blocks/img_content/img_content.php on line 52
[02-Dec-2024 17:01:06 UTC] PHP Warning:  Undefined variable $bg_shade in /var/www/html/wp-content/themes/lilli-by-akira-back/blocks/banner_default/banner_default.php on line 30
[02-Dec-2024 17:01:06 UTC] PHP Warning:  Undefined variable $palette in /var/www/html/wp-content/themes/lilli-by-akira-back/blocks/banner_default/banner_default.php on line 30
[02-Dec-2024 17:01:06 UTC] PHP Warning:  Undefined variable $palette in /var/www/html/wp-content/themes/lilli-by-akira-back/blocks/banner_default/banner_default.php on line 34
[02-Dec-2024 17:01:06 UTC] PHP Warning:  Undefined variable $bg_shade in /var/www/html/wp-content/themes/lilli-by-akira-back/blocks/banner_default/banner_default.php on line 40
[02-Dec-2024 17:01:06 UTC] PHP Warning:  Undefined array key "theme_select" in /var/www/html/wp-content/themes/lilli-by-akira-back/blocks/_block_components/component_background_media.php on line 7
[02-Dec-2024 17:01:06 UTC] PHP Warning:  Undefined array key "background_video" in /var/www/html/wp-content/themes/lilli-by-akira-back/blocks/_block_components/component_background_media.php on line 8
[02-Dec-2024 17:01:06 UTC] PHP Warning:  Undefined variable $themeField in /var/www/html/wp-content/themes/lilli-by-akira-back/blocks/banner_default/banner_default.php on line 47
[02-Dec-2024 17:01:06 UTC] PHP Warning:  Trying to access array offset on value of type null in /var/www/html/wp-content/themes/lilli-by-akira-back/blocks/banner_default/banner_default.php on line 47
[02-Dec-2024 17:01:06 UTC] PHP Warning:  Undefined variable $bg_shade in /var/www/html/wp-content/themes/lilli-by-akira-back/blocks/img_content/img_content.php on line 25
[02-Dec-2024 17:01:06 UTC] PHP Warning:  Undefined variable $palette in /var/www/html/wp-content/themes/lilli-by-akira-back/blocks/img_content/img_content.php on line 25
[02-Dec-2024 17:01:06 UTC] PHP Warning:  Undefined variable $palette in /var/www/html/wp-content/themes/lilli-by-akira-back/blocks/img_content/img_content.php on line 29
[02-Dec-2024 17:01:06 UTC] PHP Warning:  Undefined variable $bg_shade in /var/www/html/wp-content/themes/lilli-by-akira-back/blocks/img_content/img_content.php on line 35
[02-Dec-2024 17:01:06 UTC] PHP Warning:  Undefined array key "theme_select" in /var/www/html/wp-content/themes/lilli-by-akira-back/blocks/_block_components/component_background_media.php on line 7
[02-Dec-2024 17:01:06 UTC] PHP Warning:  Undefined array key "background_video" in /var/www/html/wp-content/themes/lilli-by-akira-back/blocks/_block_components/component_background_media.php on line 8
[02-Dec-2024 17:01:06 UTC] PHP Warning:  Undefined variable $themeField in /var/www/html/wp-content/themes/lilli-by-akira-back/blocks/img_content/img_content.php on line 52
[02-Dec-2024 17:01:06 UTC] PHP Warning:  Trying to access array offset on value of type null in /var/www/html/wp-content/themes/lilli-by-akira-back/blocks/img_content/img_content.php on line 52
[02-Dec-2024 17:04:46 UTC] PHP Warning:  Undefined variable $bg_shade in /var/www/html/wp-content/themes/lilli-by-akira-back/blocks/banner_default/banner_default.php on line 30
[02-Dec-2024 17:04:46 UTC] PHP Warning:  Undefined variable $palette in /var/www/html/wp-content/themes/lilli-by-akira-back/blocks/banner_default/banner_default.php on line 30
[02-Dec-2024 17:04:46 UTC] PHP Warning:  Undefined variable $palette in /var/www/html/wp-content/themes/lilli-by-akira-back/blocks/banner_default/banner_default.php on line 34
[02-Dec-2024 17:04:46 UTC] PHP Warning:  Undefined variable $bg_shade in /var/www/html/wp-content/themes/lilli-by-akira-back/blocks/banner_default/banner_default.php on line 40
[02-Dec-2024 17:04:46 UTC] PHP Warning:  Undefined array key "theme_select" in /var/www/html/wp-content/themes/lilli-by-akira-back/blocks/_block_components/component_background_media.php on line 7
[02-Dec-2024 17:04:46 UTC] PHP Warning:  Undefined array key "background_video" in /var/www/html/wp-content/themes/lilli-by-akira-back/blocks/_block_components/component_background_media.php on line 8
[02-Dec-2024 17:04:46 UTC] PHP Warning:  Undefined variable $themeField in /var/www/html/wp-content/themes/lilli-by-akira-back/blocks/banner_default/banner_default.php on line 47
[02-Dec-2024 17:04:46 UTC] PHP Warning:  Trying to access array offset on value of type null in /var/www/html/wp-content/themes/lilli-by-akira-back/blocks/banner_default/banner_default.php on line 47
[02-Dec-2024 17:04:46 UTC] PHP Warning:  Undefined variable $bg_shade in /var/www/html/wp-content/themes/lilli-by-akira-back/blocks/img_content/img_content.php on line 25
[02-Dec-2024 17:04:46 UTC] PHP Warning:  Undefined variable $palette in /var/www/html/wp-content/themes/lilli-by-akira-back/blocks/img_content/img_content.php on line 25
[02-Dec-2024 17:04:46 UTC] PHP Warning:  Undefined variable $palette in /var/www/html/wp-content/themes/lilli-by-akira-back/blocks/img_content/img_content.php on line 29
[02-Dec-2024 17:04:46 UTC] PHP Warning:  Undefined variable $bg_shade in /var/www/html/wp-content/themes/lilli-by-akira-back/blocks/img_content/img_content.php on line 35
[02-Dec-2024 17:04:46 UTC] PHP Warning:  Undefined array key "theme_select" in /var/www/html/wp-content/themes/lilli-by-akira-back/blocks/_block_components/component_background_media.php on line 7
[02-Dec-2024 17:04:46 UTC] PHP Warning:  Undefined array key "background_video" in /var/www/html/wp-content/themes/lilli-by-akira-back/blocks/_block_components/component_background_media.php on line 8
[02-Dec-2024 17:04:46 UTC] PHP Warning:  Undefined variable $themeField in /var/www/html/wp-content/themes/lilli-by-akira-back/blocks/img_content/img_content.php on line 52
[02-Dec-2024 17:04:46 UTC] PHP Warning:  Trying to access array offset on value of type null in /var/www/html/wp-content/themes/lilli-by-akira-back/blocks/img_content/img_content.php on line 52
[02-Dec-2024 17:05:32 UTC] PHP Warning:  Undefined variable $bg_shade in /var/www/html/wp-content/themes/lilli-by-akira-back/blocks/banner_default/banner_default.php on line 30
[02-Dec-2024 17:05:32 UTC] PHP Warning:  Undefined variable $palette in /var/www/html/wp-content/themes/lilli-by-akira-back/blocks/banner_default/banner_default.php on line 30
[02-Dec-2024 17:05:32 UTC] PHP Warning:  Undefined variable $palette in /var/www/html/wp-content/themes/lilli-by-akira-back/blocks/banner_default/banner_default.php on line 34
[02-Dec-2024 17:05:32 UTC] PHP Warning:  Undefined variable $bg_shade in /var/www/html/wp-content/themes/lilli-by-akira-back/blocks/banner_default/banner_default.php on line 40
[02-Dec-2024 17:05:32 UTC] PHP Warning:  Undefined array key "theme_select" in /var/www/html/wp-content/themes/lilli-by-akira-back/blocks/_block_components/component_background_media.php on line 7
[02-Dec-2024 17:05:32 UTC] PHP Warning:  Undefined array key "background_video" in /var/www/html/wp-content/themes/lilli-by-akira-back/blocks/_block_components/component_background_media.php on line 8
[02-Dec-2024 17:05:32 UTC] PHP Warning:  Undefined variable $themeField in /var/www/html/wp-content/themes/lilli-by-akira-back/blocks/banner_default/banner_default.php on line 47
[02-Dec-2024 17:05:32 UTC] PHP Warning:  Trying to access array offset on value of type null in /var/www/html/wp-content/themes/lilli-by-akira-back/blocks/banner_default/banner_default.php on line 47
[02-Dec-2024 17:05:32 UTC] PHP Warning:  Undefined variable $bg_shade in /var/www/html/wp-content/themes/lilli-by-akira-back/blocks/img_content/img_content.php on line 25
[02-Dec-2024 17:05:32 UTC] PHP Warning:  Undefined variable $palette in /var/www/html/wp-content/themes/lilli-by-akira-back/blocks/img_content/img_content.php on line 25
[02-Dec-2024 17:05:32 UTC] PHP Warning:  Undefined variable $palette in /var/www/html/wp-content/themes/lilli-by-akira-back/blocks/img_content/img_content.php on line 29
[02-Dec-2024 17:05:32 UTC] PHP Warning:  Undefined variable $bg_shade in /var/www/html/wp-content/themes/lilli-by-akira-back/blocks/img_content/img_content.php on line 35
[02-Dec-2024 17:05:32 UTC] PHP Warning:  Undefined array key "theme_select" in /var/www/html/wp-content/themes/lilli-by-akira-back/blocks/_block_components/component_background_media.php on line 7
[02-Dec-2024 17:05:32 UTC] PHP Warning:  Undefined array key "background_video" in /var/www/html/wp-content/themes/lilli-by-akira-back/blocks/_block_components/component_background_media.php on line 8
[02-Dec-2024 17:05:32 UTC] PHP Warning:  Undefined variable $themeField in /var/www/html/wp-content/themes/lilli-by-akira-back/blocks/img_content/img_content.php on line 52
[02-Dec-2024 17:05:32 UTC] PHP Warning:  Trying to access array offset on value of type null in /var/www/html/wp-content/themes/lilli-by-akira-back/blocks/img_content/img_content.php on line 52
[02-Dec-2024 17:06:25 UTC] PHP Warning:  Undefined variable $bg_shade in /var/www/html/wp-content/themes/lilli-by-akira-back/blocks/banner_default/banner_default.php on line 30
[02-Dec-2024 17:06:25 UTC] PHP Warning:  Undefined variable $palette in /var/www/html/wp-content/themes/lilli-by-akira-back/blocks/banner_default/banner_default.php on line 30
[02-Dec-2024 17:06:25 UTC] PHP Warning:  Undefined variable $palette in /var/www/html/wp-content/themes/lilli-by-akira-back/blocks/banner_default/banner_default.php on line 34
[02-Dec-2024 17:06:25 UTC] PHP Warning:  Undefined variable $bg_shade in /var/www/html/wp-content/themes/lilli-by-akira-back/blocks/banner_default/banner_default.php on line 40
[02-Dec-2024 17:06:25 UTC] PHP Warning:  Undefined array key "theme_select" in /var/www/html/wp-content/themes/lilli-by-akira-back/blocks/_block_components/component_background_media.php on line 7
[02-Dec-2024 17:06:25 UTC] PHP Warning:  Undefined array key "background_video" in /var/www/html/wp-content/themes/lilli-by-akira-back/blocks/_block_components/component_background_media.php on line 8
[02-Dec-2024 17:06:25 UTC] PHP Warning:  Undefined variable $themeField in /var/www/html/wp-content/themes/lilli-by-akira-back/blocks/banner_default/banner_default.php on line 47
[02-Dec-2024 17:06:25 UTC] PHP Warning:  Trying to access array offset on value of type null in /var/www/html/wp-content/themes/lilli-by-akira-back/blocks/banner_default/banner_default.php on line 47
[02-Dec-2024 17:06:25 UTC] PHP Warning:  Undefined variable $bg_shade in /var/www/html/wp-content/themes/lilli-by-akira-back/blocks/img_content/img_content.php on line 25
[02-Dec-2024 17:06:25 UTC] PHP Warning:  Undefined variable $palette in /var/www/html/wp-content/themes/lilli-by-akira-back/blocks/img_content/img_content.php on line 25
[02-Dec-2024 17:06:25 UTC] PHP Warning:  Undefined variable $palette in /var/www/html/wp-content/themes/lilli-by-akira-back/blocks/img_content/img_content.php on line 29
[02-Dec-2024 17:06:25 UTC] PHP Warning:  Undefined variable $bg_shade in /var/www/html/wp-content/themes/lilli-by-akira-back/blocks/img_content/img_content.php on line 35
[02-Dec-2024 17:06:25 UTC] PHP Warning:  Undefined array key "theme_select" in /var/www/html/wp-content/themes/lilli-by-akira-back/blocks/_block_components/component_background_media.php on line 7
[02-Dec-2024 17:06:25 UTC] PHP Warning:  Undefined array key "background_video" in /var/www/html/wp-content/themes/lilli-by-akira-back/blocks/_block_components/component_background_media.php on line 8
[02-Dec-2024 17:06:25 UTC] PHP Warning:  Undefined variable $themeField in /var/www/html/wp-content/themes/lilli-by-akira-back/blocks/img_content/img_content.php on line 52
[02-Dec-2024 17:06:25 UTC] PHP Warning:  Trying to access array offset on value of type null in /var/www/html/wp-content/themes/lilli-by-akira-back/blocks/img_content/img_content.php on line 52
[02-Dec-2024 17:07:55 UTC] PHP Warning:  Undefined variable $bg_shade in /var/www/html/wp-content/themes/lilli-by-akira-back/blocks/banner_default/banner_default.php on line 30
[02-Dec-2024 17:07:55 UTC] PHP Warning:  Undefined variable $palette in /var/www/html/wp-content/themes/lilli-by-akira-back/blocks/banner_default/banner_default.php on line 30
[02-Dec-2024 17:07:55 UTC] PHP Warning:  Undefined variable $palette in /var/www/html/wp-content/themes/lilli-by-akira-back/blocks/banner_default/banner_default.php on line 34
[02-Dec-2024 17:07:55 UTC] PHP Warning:  Undefined variable $bg_shade in /var/www/html/wp-content/themes/lilli-by-akira-back/blocks/banner_default/banner_default.php on line 40
[02-Dec-2024 17:07:55 UTC] PHP Warning:  Undefined array key "theme_select" in /var/www/html/wp-content/themes/lilli-by-akira-back/blocks/_block_components/component_background_media.php on line 7
[02-Dec-2024 17:07:55 UTC] PHP Warning:  Undefined array key "background_video" in /var/www/html/wp-content/themes/lilli-by-akira-back/blocks/_block_components/component_background_media.php on line 8
[02-Dec-2024 17:07:55 UTC] PHP Warning:  Undefined variable $themeField in /var/www/html/wp-content/themes/lilli-by-akira-back/blocks/banner_default/banner_default.php on line 47
[02-Dec-2024 17:07:55 UTC] PHP Warning:  Trying to access array offset on value of type null in /var/www/html/wp-content/themes/lilli-by-akira-back/blocks/banner_default/banner_default.php on line 47
[02-Dec-2024 17:07:55 UTC] PHP Warning:  Undefined variable $bg_shade in /var/www/html/wp-content/themes/lilli-by-akira-back/blocks/img_content/img_content.php on line 25
[02-Dec-2024 17:07:55 UTC] PHP Warning:  Undefined variable $palette in /var/www/html/wp-content/themes/lilli-by-akira-back/blocks/img_content/img_content.php on line 25
[02-Dec-2024 17:07:55 UTC] PHP Warning:  Undefined variable $palette in /var/www/html/wp-content/themes/lilli-by-akira-back/blocks/img_content/img_content.php on line 29
[02-Dec-2024 17:07:55 UTC] PHP Warning:  Undefined variable $bg_shade in /var/www/html/wp-content/themes/lilli-by-akira-back/blocks/img_content/img_content.php on line 35
[02-Dec-2024 17:07:55 UTC] PHP Warning:  Undefined array key "theme_select" in /var/www/html/wp-content/themes/lilli-by-akira-back/blocks/_block_components/component_background_media.php on line 7
[02-Dec-2024 17:07:55 UTC] PHP Warning:  Undefined array key "background_video" in /var/www/html/wp-content/themes/lilli-by-akira-back/blocks/_block_components/component_background_media.php on line 8
[02-Dec-2024 17:07:55 UTC] PHP Warning:  Undefined variable $themeField in /var/www/html/wp-content/themes/lilli-by-akira-back/blocks/img_content/img_content.php on line 52
[02-Dec-2024 17:07:55 UTC] PHP Warning:  Trying to access array offset on value of type null in /var/www/html/wp-content/themes/lilli-by-akira-back/blocks/img_content/img_content.php on line 52
[02-Dec-2024 17:12:13 UTC] PHP Parse error:  syntax error, unexpected token "--" in /var/www/html/wp-content/themes/lilli-by-akira-back/blocks/_block_components/component_block_class.php on line 8
[02-Dec-2024 17:12:25 UTC] PHP Warning:  Undefined variable $bg_shade in /var/www/html/wp-content/themes/lilli-by-akira-back/blocks/banner_default/banner_default.php on line 30
[02-Dec-2024 17:12:25 UTC] PHP Warning:  Undefined variable $palette in /var/www/html/wp-content/themes/lilli-by-akira-back/blocks/banner_default/banner_default.php on line 30
[02-Dec-2024 17:12:25 UTC] PHP Warning:  Undefined variable $palette in /var/www/html/wp-content/themes/lilli-by-akira-back/blocks/banner_default/banner_default.php on line 34
[02-Dec-2024 17:12:25 UTC] PHP Warning:  Undefined variable $bg_shade in /var/www/html/wp-content/themes/lilli-by-akira-back/blocks/banner_default/banner_default.php on line 40
[02-Dec-2024 17:12:25 UTC] PHP Warning:  Undefined array key "theme_select" in /var/www/html/wp-content/themes/lilli-by-akira-back/blocks/_block_components/component_background_media.php on line 7
[02-Dec-2024 17:12:25 UTC] PHP Warning:  Undefined array key "background_video" in /var/www/html/wp-content/themes/lilli-by-akira-back/blocks/_block_components/component_background_media.php on line 8
[02-Dec-2024 17:12:25 UTC] PHP Warning:  Undefined variable $themeField in /var/www/html/wp-content/themes/lilli-by-akira-back/blocks/banner_default/banner_default.php on line 47
[02-Dec-2024 17:12:25 UTC] PHP Warning:  Trying to access array offset on value of type null in /var/www/html/wp-content/themes/lilli-by-akira-back/blocks/banner_default/banner_default.php on line 47
[02-Dec-2024 17:12:25 UTC] PHP Warning:  Undefined variable $bg_shade in /var/www/html/wp-content/themes/lilli-by-akira-back/blocks/img_content/img_content.php on line 25
[02-Dec-2024 17:12:25 UTC] PHP Warning:  Undefined variable $palette in /var/www/html/wp-content/themes/lilli-by-akira-back/blocks/img_content/img_content.php on line 25
[02-Dec-2024 17:12:25 UTC] PHP Warning:  Undefined variable $palette in /var/www/html/wp-content/themes/lilli-by-akira-back/blocks/img_content/img_content.php on line 29
[02-Dec-2024 17:12:25 UTC] PHP Warning:  Undefined variable $bg_shade in /var/www/html/wp-content/themes/lilli-by-akira-back/blocks/img_content/img_content.php on line 35
[02-Dec-2024 17:12:25 UTC] PHP Warning:  Undefined array key "theme_select" in /var/www/html/wp-content/themes/lilli-by-akira-back/blocks/_block_components/component_background_media.php on line 7
[02-Dec-2024 17:12:25 UTC] PHP Warning:  Undefined array key "background_video" in /var/www/html/wp-content/themes/lilli-by-akira-back/blocks/_block_components/component_background_media.php on line 8
[02-Dec-2024 17:12:25 UTC] PHP Warning:  Undefined variable $themeField in /var/www/html/wp-content/themes/lilli-by-akira-back/blocks/img_content/img_content.php on line 52
[02-Dec-2024 17:12:25 UTC] PHP Warning:  Trying to access array offset on value of type null in /var/www/html/wp-content/themes/lilli-by-akira-back/blocks/img_content/img_content.php on line 52
[02-Dec-2024 17:13:03 UTC] PHP Warning:  Undefined variable $bg_shade in /var/www/html/wp-content/themes/lilli-by-akira-back/blocks/banner_default/banner_default.php on line 30
[02-Dec-2024 17:13:03 UTC] PHP Warning:  Undefined variable $palette in /var/www/html/wp-content/themes/lilli-by-akira-back/blocks/banner_default/banner_default.php on line 30
[02-Dec-2024 17:13:03 UTC] PHP Warning:  Undefined variable $palette in /var/www/html/wp-content/themes/lilli-by-akira-back/blocks/banner_default/banner_default.php on line 34
[02-Dec-2024 17:13:03 UTC] PHP Warning:  Undefined variable $bg_shade in /var/www/html/wp-content/themes/lilli-by-akira-back/blocks/banner_default/banner_default.php on line 40
[02-Dec-2024 17:13:03 UTC] PHP Warning:  Undefined array key "theme_select" in /var/www/html/wp-content/themes/lilli-by-akira-back/blocks/_block_components/component_background_media.php on line 7
[02-Dec-2024 17:13:03 UTC] PHP Warning:  Undefined array key "background_video" in /var/www/html/wp-content/themes/lilli-by-akira-back/blocks/_block_components/component_background_media.php on line 8
[02-Dec-2024 17:13:03 UTC] PHP Warning:  Undefined variable $themeField in /var/www/html/wp-content/themes/lilli-by-akira-back/blocks/banner_default/banner_default.php on line 47
[02-Dec-2024 17:13:03 UTC] PHP Warning:  Trying to access array offset on value of type null in /var/www/html/wp-content/themes/lilli-by-akira-back/blocks/banner_default/banner_default.php on line 47
[02-Dec-2024 17:13:03 UTC] PHP Warning:  Undefined variable $bg_shade in /var/www/html/wp-content/themes/lilli-by-akira-back/blocks/img_content/img_content.php on line 25
[02-Dec-2024 17:13:03 UTC] PHP Warning:  Undefined variable $palette in /var/www/html/wp-content/themes/lilli-by-akira-back/blocks/img_content/img_content.php on line 25
[02-Dec-2024 17:13:03 UTC] PHP Warning:  Undefined variable $palette in /var/www/html/wp-content/themes/lilli-by-akira-back/blocks/img_content/img_content.php on line 29
[02-Dec-2024 17:13:03 UTC] PHP Warning:  Undefined variable $bg_shade in /var/www/html/wp-content/themes/lilli-by-akira-back/blocks/img_content/img_content.php on line 35
[02-Dec-2024 17:13:03 UTC] PHP Warning:  Undefined array key "theme_select" in /var/www/html/wp-content/themes/lilli-by-akira-back/blocks/_block_components/component_background_media.php on line 7
[02-Dec-2024 17:13:03 UTC] PHP Warning:  Undefined array key "background_video" in /var/www/html/wp-content/themes/lilli-by-akira-back/blocks/_block_components/component_background_media.php on line 8
[02-Dec-2024 17:13:03 UTC] PHP Warning:  Undefined variable $themeField in /var/www/html/wp-content/themes/lilli-by-akira-back/blocks/img_content/img_content.php on line 52
[02-Dec-2024 17:13:03 UTC] PHP Warning:  Trying to access array offset on value of type null in /var/www/html/wp-content/themes/lilli-by-akira-back/blocks/img_content/img_content.php on line 52
[02-Dec-2024 17:13:05 UTC] PHP Warning:  Undefined variable $bg_shade in /var/www/html/wp-content/themes/lilli-by-akira-back/blocks/banner_default/banner_default.php on line 30
[02-Dec-2024 17:13:05 UTC] PHP Warning:  Undefined variable $palette in /var/www/html/wp-content/themes/lilli-by-akira-back/blocks/banner_default/banner_default.php on line 30
[02-Dec-2024 17:13:05 UTC] PHP Warning:  Undefined variable $palette in /var/www/html/wp-content/themes/lilli-by-akira-back/blocks/banner_default/banner_default.php on line 34
[02-Dec-2024 17:13:05 UTC] PHP Warning:  Undefined variable $bg_shade in /var/www/html/wp-content/themes/lilli-by-akira-back/blocks/banner_default/banner_default.php on line 40
[02-Dec-2024 17:13:05 UTC] PHP Warning:  Undefined array key "theme_select" in /var/www/html/wp-content/themes/lilli-by-akira-back/blocks/_block_components/component_background_media.php on line 7
[02-Dec-2024 17:13:05 UTC] PHP Warning:  Undefined array key "background_video" in /var/www/html/wp-content/themes/lilli-by-akira-back/blocks/_block_components/component_background_media.php on line 8
[02-Dec-2024 17:13:05 UTC] PHP Warning:  Undefined variable $themeField in /var/www/html/wp-content/themes/lilli-by-akira-back/blocks/banner_default/banner_default.php on line 47
[02-Dec-2024 17:13:05 UTC] PHP Warning:  Trying to access array offset on value of type null in /var/www/html/wp-content/themes/lilli-by-akira-back/blocks/banner_default/banner_default.php on line 47
[02-Dec-2024 17:13:05 UTC] PHP Warning:  Undefined variable $bg_shade in /var/www/html/wp-content/themes/lilli-by-akira-back/blocks/img_content/img_content.php on line 25
[02-Dec-2024 17:13:05 UTC] PHP Warning:  Undefined variable $palette in /var/www/html/wp-content/themes/lilli-by-akira-back/blocks/img_content/img_content.php on line 25
[02-Dec-2024 17:13:05 UTC] PHP Warning:  Undefined variable $palette in /var/www/html/wp-content/themes/lilli-by-akira-back/blocks/img_content/img_content.php on line 29
[02-Dec-2024 17:13:05 UTC] PHP Warning:  Undefined variable $bg_shade in /var/www/html/wp-content/themes/lilli-by-akira-back/blocks/img_content/img_content.php on line 35
[02-Dec-2024 17:13:05 UTC] PHP Warning:  Undefined array key "theme_select" in /var/www/html/wp-content/themes/lilli-by-akira-back/blocks/_block_components/component_background_media.php on line 7
[02-Dec-2024 17:13:05 UTC] PHP Warning:  Undefined array key "background_video" in /var/www/html/wp-content/themes/lilli-by-akira-back/blocks/_block_components/component_background_media.php on line 8
[02-Dec-2024 17:13:05 UTC] PHP Warning:  Undefined variable $themeField in /var/www/html/wp-content/themes/lilli-by-akira-back/blocks/img_content/img_content.php on line 52
[02-Dec-2024 17:13:05 UTC] PHP Warning:  Trying to access array offset on value of type null in /var/www/html/wp-content/themes/lilli-by-akira-back/blocks/img_content/img_content.php on line 52
[02-Dec-2024 17:13:08 UTC] PHP Warning:  Undefined variable $bg_shade in /var/www/html/wp-content/themes/lilli-by-akira-back/blocks/banner_default/banner_default.php on line 30
[02-Dec-2024 17:13:08 UTC] PHP Warning:  Undefined variable $palette in /var/www/html/wp-content/themes/lilli-by-akira-back/blocks/banner_default/banner_default.php on line 30
[02-Dec-2024 17:13:08 UTC] PHP Warning:  Undefined variable $palette in /var/www/html/wp-content/themes/lilli-by-akira-back/blocks/banner_default/banner_default.php on line 34
[02-Dec-2024 17:13:08 UTC] PHP Warning:  Undefined variable $bg_shade in /var/www/html/wp-content/themes/lilli-by-akira-back/blocks/banner_default/banner_default.php on line 40
[02-Dec-2024 17:13:08 UTC] PHP Warning:  Undefined array key "theme_select" in /var/www/html/wp-content/themes/lilli-by-akira-back/blocks/_block_components/component_background_media.php on line 7
[02-Dec-2024 17:13:08 UTC] PHP Warning:  Undefined array key "background_video" in /var/www/html/wp-content/themes/lilli-by-akira-back/blocks/_block_components/component_background_media.php on line 8
[02-Dec-2024 17:13:08 UTC] PHP Warning:  Undefined variable $themeField in /var/www/html/wp-content/themes/lilli-by-akira-back/blocks/banner_default/banner_default.php on line 47
[02-Dec-2024 17:13:08 UTC] PHP Warning:  Trying to access array offset on value of type null in /var/www/html/wp-content/themes/lilli-by-akira-back/blocks/banner_default/banner_default.php on line 47
[02-Dec-2024 17:13:08 UTC] PHP Warning:  Undefined variable $bg_shade in /var/www/html/wp-content/themes/lilli-by-akira-back/blocks/img_content/img_content.php on line 25
[02-Dec-2024 17:13:08 UTC] PHP Warning:  Undefined variable $palette in /var/www/html/wp-content/themes/lilli-by-akira-back/blocks/img_content/img_content.php on line 25
[02-Dec-2024 17:13:08 UTC] PHP Warning:  Undefined variable $palette in /var/www/html/wp-content/themes/lilli-by-akira-back/blocks/img_content/img_content.php on line 29
[02-Dec-2024 17:13:08 UTC] PHP Warning:  Undefined variable $bg_shade in /var/www/html/wp-content/themes/lilli-by-akira-back/blocks/img_content/img_content.php on line 35
[02-Dec-2024 17:13:08 UTC] PHP Warning:  Undefined array key "theme_select" in /var/www/html/wp-content/themes/lilli-by-akira-back/blocks/_block_components/component_background_media.php on line 7
[02-Dec-2024 17:13:08 UTC] PHP Warning:  Undefined array key "background_video" in /var/www/html/wp-content/themes/lilli-by-akira-back/blocks/_block_components/component_background_media.php on line 8
[02-Dec-2024 17:13:08 UTC] PHP Warning:  Undefined variable $themeField in /var/www/html/wp-content/themes/lilli-by-akira-back/blocks/img_content/img_content.php on line 52
[02-Dec-2024 17:13:08 UTC] PHP Warning:  Trying to access array offset on value of type null in /var/www/html/wp-content/themes/lilli-by-akira-back/blocks/img_content/img_content.php on line 52
